"region","version","unit","variable","scenario","model","run__id","type","2020","2021","2022","2023","2024","2025","2030","2035","2040","2045","2050","2055","2060","2065","2070","2075","2080","2085","2090","2095","2100"
"Europe (R10)",1,"Mt CO2/yr","Emissions|CO2","ENGAGE-INDCi2030-1000","IMAGE 3.0",145,"ANNUAL",4326.995590603324,,,,,3854.123126062452,3274.0008853074023,2375.000445263923,1527.9751982488517,678.4846734027957,266.68936715961024,,-289.43934633978927,,-633.7064784943975,,-395.79184217872194,,-545.5396214027439,,-462.31752399832766
"Europe (R10)",1,"Mt CO2/yr","Emissions|CO2","ENGAGE-INDCi2030-1000f","IMAGE 3.0",146,"ANNUAL",4327.099012132468,,,,,3882.494669949308,3323.295440975946,2749.591209661584,2096.372802924954,1316.191174308903,618.7729251152527,,-289.5394319161736,,-1142.0596295441312,,-1218.7020949239788,,-1285.323162831488,,-1076.737241445516
"Europe (R10)",1,"Mt CO2/yr","Emissions|CO2","ENGAGE-INDCi2030-1200","IMAGE 3.0",147,"ANNUAL",4327.096466457825,,,,,3854.7369133956777,3277.141156812408,2591.261800365777,1903.372423980814,1090.4166820245844,536.5917813471006,,-15.10189310846927,,-428.5976575605292,,-412.1668873207949,,-530.8272165145249,,-421.9009107337485
"Europe (R10)",1,"Mt CO2/yr","Emissions|CO2","ENGAGE-INDCi2030-1200f","IMAGE 3.0",148,"ANNUAL",4326.412155544677,,,,,3881.9866260242943,3320.177716874914,2895.8098096301173,2362.4181266389187,1758.71621084307,1102.4482677190376,,281.37842212691857,,-313.092300443502,,-437.6411877076322,,-712.6190564485522,,-790.4479777736817
"Europe (R10)",1,"Mt CO2/yr","Emissions|CO2","ENGAGE-INDCi2030-1400","IMAGE 3.0",149,"ANNUAL",4326.995590603324,,,,,3856.198242538063,3279.9330625336897,2690.571785217742,2089.45396696648,1459.4374263818622,1099.5319316592022,,617.7123281722547,,-17.3851730143934,,-420.70828314473226,,-591.6011423012999,,-395.53872938573016
"Europe (R10)",1,"Mt CO2/yr","Emissions|CO2","ENGAGE-INDCi2030-1400f","IMAGE 3.0",150,"ANNUAL",4326.412155544677,,,,,3881.9866260242943,3320.177716874914,2892.051778420466,2365.926457938066,1822.432460950588,1334.0845465283442,,849.8582262176,,385.1538140329184,,-271.05147682110913,,-870.2938147382363,,-861.1412043559599
"Europe (R10)",1,"Mt CO2/yr","Emissions|CO2","ENGAGE-INDCi2030-3000","IMAGE 3.0",151,"ANNUAL",4326.412155544677,,,,,3881.9866260242943,3320.177716874914,3101.6421791353205,2895.1354576199647,3001.0232139772475,3298.348948460657,,3708.766250947512,,3792.4915317168425,,3035.496879853591,,1860.7855986061536,,1736.2298051505147
"Europe (R10)",1,"Mt CO2/yr","Emissions|CO2","ENGAGE-INDCi2030-3000f","IMAGE 3.0",152,"ANNUAL",4326.412155544677,,,,,3881.9866260242943,3320.177716874914,3101.6421791353205,2895.1354576199647,3001.0232139772475,3298.348948460657,,3708.766250947512,,3792.4915317168425,,3035.496879853591,,1860.7855986061536,,1736.2298051505147
"Europe (R10)",1,"Mt CO2/yr","Emissions|CO2","ENGAGE-INDCi2030-800f","IMAGE 3.0",153,"ANNUAL",4327.262215054032,,,,,3883.333763475589,3328.3899793471774,2429.737541419616,1578.938247824204,671.853752197308,229.4868919263292,,-416.3164383948823,,-1030.672495617786,,-931.6970449340954,,-1089.557182013698,,-848.481163102037
"Europe (R10)",1,"Mt CO2/yr","Emissions|CO2","ENGAGE-INDCi2100","IMAGE 3.0",154,"ANNUAL",4326.101331468314,,,,,3881.484652554197,3320.859985653459,3059.408681511852,2761.5342562324936,2802.832987722251,3053.4511594369287,,3493.082176526049,,3778.4483874894913,,3745.369709355381,,3357.735170351737,,3370.175899811995
"Europe (R10)",1,"Mt CO2/yr","Emissions|CO2","ENGAGE-NPi2020-1000","IMAGE 3.0",155,"ANNUAL",4327.321968472006,,,,,3919.949432729406,3246.801023142657,2479.12802146561,1441.7972578723648,674.8942843097061,347.7445551870493,,38.846061392182975,,-265.08717793649305,,-191.95681669072945,,-527.1545947872012,,-444.4896364616118
"Europe (R10)",1,"Mt CO2/yr","Emissions|CO2","ENGAGE-NPi2020-1200","IMAGE 3.0",157,"ANNUAL",4327.217120246085,,,,,4033.349419006805,3158.835543601783,2693.131726827676,1852.5947750504165,1122.1242521034558,814.5772178118862,,321.16885887522585,,-265.534587248464,,-321.97891492591793,,-529.237400738827,,-288.5731071098724
"Europe (R10)",1,"Mt CO2/yr","Emissions|CO2","ENGAGE-NPi2020-1400","IMAGE 3.0",159,"ANNUAL",4327.305827216308,,,,,4033.2661390792255,3226.6878156416424,2860.168965917567,2204.956568600516,1605.3804920384405,1274.604900475981,,835.3080311580904,,101.13128217980736,,-222.5588995817967,,-604.9359245850235,,-488.4424260901395
"Europe (R10)",1,"Mt CO2/yr","Emissions|CO2","ENGAGE-NPi2020-1400f","IMAGE 3.0",160,"ANNUAL",4326.680989976668,,,,,3929.831433971353,3229.907282805021,2774.863688403302,2184.363431493338,1639.728126039162,1479.1536065492637,,1186.0703297739624,,524.5070546944924,,-124.80799839041777,,-713.9367403043645,,-708.4873006193193
"Europe (R10)",1,"Mt CO2/yr","Emissions|CO2","ENGAGE-NPi2020-3000","IMAGE 3.0",161,"ANNUAL",4276.737567018839,,,,,4034.92759741271,3461.60051758764,3290.009709975199,3012.320330575768,3139.286664612376,3452.385594999725,,3827.477213889618,,3742.365016005905,,2896.109919493426,,1666.5419906700736,,1568.9578080014176
"Europe (R10)",1,"Mt CO2/yr","Emissions|CO2","ENGAGE-NPi2020-3000f","IMAGE 3.0",162,"ANNUAL",4276.737567018839,,,,,4034.92759741271,3461.60051758764,3290.009709975199,3012.320330575768,3139.286664612376,3452.385594999725,,3827.477213889618,,3742.365016005905,,2896.109919493426,,1666.5419906700736,,1568.9578080014176
"Europe (R10)",1,"Mt CO2/yr","Emissions|CO2","ENGAGE-NPi2100","IMAGE 3.0",166,"ANNUAL",4327.501872138201,,,,,4161.067090730655,3692.093201019238,3593.753565797082,3402.04927093916,3633.727986983985,4035.793630331083,,4749.1287032312175,,5300.806330844847,,5632.683080549497,,5665.794754543393,,5885.315552292841
"Europe (R10)",1,"Mt CO2/yr","Emissions|CO2","ENGAGE-NPi2100","MESSAGEix-GLOBIOM 1.1",329,"ANNUAL",3757.402605552676,,,,,4119.591863640497,4343.029686121814,4438.451325884711,4348.457765875123,4497.189420048202,4748.582793034692,4805.409636582674,4855.409949996011,,4702.833332875783,,5136.436848744432,,5741.921724222431,,6432.119095040619
"Europe (R10)",1,"Mt CO2/yr","Emissions|CO2","ENGAGE-NoPolicy","MESSAGEix-GLOBIOM 1.1",331,"ANNUAL",4194.592384148989,,,,,4253.497126335986,4450.978607190823,4508.052200110029,4413.544641527589,4533.774010812635,4714.265899890011,4794.106896560913,4938.202367702017,,4798.552858891914,,5224.5321376001575,,5766.220004073734,,6415.473420097451
"Europe (R10)",1,"Mt CO2/yr","Emissions|CO2","ENGAGE-INDCi2030-1000","POLES-JRC ENGAGE",332,"ANNUAL",3770.7353515625,,,,,3548.009033203125,3273.29248046875,1733.3741455078125,764.2774658203125,398.70648193359375,219.0825653076172,,-85.48445892333984,,-270.9249267578125,,-328.6082458496094,,-409.221923828125,,-470.640869140625
"Europe (R10)",1,"Mt CO2/yr","Emissions|CO2","ENGAGE-INDCi2030-1000-COV","POLES-JRC ENGAGE",333,"ANNUAL",3442.6240234375,,,,,3459.31689453125,3206.266845703125,1966.8565673828125,1083.523193359375,646.9031372070312,398.1257629394531,,-29.989381790161133,,-267.49029541015625,,-366.91357421875,,-405.9403991699219,,-456.6144714355469
"Europe (R10)",1,"Mt CO2/yr","Emissions|CO2","ENGAGE-INDCi2030-1000-COV-NDCp","POLES-JRC ENGAGE",334,"ANNUAL",3442.670166015625,,,,,3037.41796875,2165.87255859375,1367.3651123046875,845.8027954101562,516.8832397460938,330.0006103515625,,-53.18888854980469,,-295.4601135253906,,-384.0643005371094,,-403.6888732910156,,-504.6853332519531
"Europe (R10)",1,"Mt CO2/yr","Emissions|CO2","ENGAGE-INDCi2030-1000-NDCp","POLES-JRC ENGAGE",335,"ANNUAL",3725.5927734375,,,,,2913.849853515625,2106.19189453125,1251.5574951171875,699.9429931640625,394.7245178222656,243.31350708007807,,-89.05322265625,,-331.5235595703125,,-445.510498046875,,-465.4252624511719,,-510.6871337890625
"Europe (R10)",1,"Mt CO2/yr","Emissions|CO2","ENGAGE-INDCi2030-1000f","POLES-JRC ENGAGE",336,"ANNUAL",3770.7353515625,,,,,3548.009033203125,3273.29248046875,2221.008544921875,1344.0302734375,843.9115600585938,535.3702392578125,,-13.57301425933838,,-342.5208740234375,,-554.3450927734375,,-805.3228759765625,,-979.3983764648438
"Europe (R10)",1,"Mt CO2/yr","Emissions|CO2","ENGAGE-INDCi2030-1000f-COV","POLES-JRC ENGAGE",337,"ANNUAL",3442.6240234375,,,,,3459.31689453125,3206.266845703125,2264.609130859375,1501.700439453125,1034.3609619140625,692.830322265625,,67.86058807373047,,-278.31854248046875,,-584.8015747070312,,-745.5701293945312,,-855.7598266601562
"Europe (R10)",1,"Mt CO2/yr","Emissions|CO2","ENGAGE-INDCi2030-1000f-COV-NDCp","POLES-JRC ENGAGE",338,"ANNUAL",3442.670166015625,,,,,3037.41796875,2165.872314453125,1465.258056640625,1107.9361572265625,883.731201171875,618.8679809570312,,65.60784149169922,,-278.498046875,,-493.5237731933594,,-725.7877807617188,,-860.92578125
"Europe (R10)",1,"Mt CO2/yr","Emissions|CO2","ENGAGE-INDCi2030-1000f-NDCp","POLES-JRC ENGAGE",339,"ANNUAL",3725.5927734375,,,,,2913.849853515625,2106.191650390625,1436.6490478515625,1037.654541015625,709.5298461914062,469.412841796875,,-4.501453876495361,,-361.5168762207031,,-591.5097045898438,,-811.843505859375,,-988.2158813476562
"Europe (R10)",1,"Mt CO2/yr","Emissions|CO2","ENGAGE-INDCi2030-1200","POLES-JRC ENGAGE",340,"ANNUAL",3770.7353515625,,,,,3548.009033203125,3273.29248046875,2287.673828125,1476.94921875,984.1644287109376,663.22216796875,,117.02574157714844,,-162.97068786621094,,-299.4026794433594,,-398.0554809570313,,-478.4647521972656
"Europe (R10)",1,"Mt CO2/yr","Emissions|CO2","ENGAGE-INDCi2030-1200f","POLES-JRC ENGAGE",341,"ANNUAL",3770.7353515625,,,,,3548.009033203125,3273.29248046875,2495.009521484375,1752.626708984375,1286.1534423828125,973.3492431640624,,289.54888916015625,,-159.3930206298828,,-405.0102233886719,,-614.5753784179688,,-751.8988037109375
"Europe (R10)",1,"Mt CO2/yr","Emissions|CO2","ENGAGE-INDCi2030-1400","POLES-JRC ENGAGE",342,"ANNUAL",3770.7353515625,,,,,3548.009033203125,3273.29248046875,2644.0458984375,1985.6455078125,1536.2166748046875,1220.1392822265625,,555.6795654296875,,74.61630249023438,,-252.1369171142578,,-433.133544921875,,-528.8805541992188
"Europe (R10)",1,"Mt CO2/yr","Emissions|CO2","ENGAGE-INDCi2030-1400f","POLES-JRC ENGAGE",343,"ANNUAL",3770.7353515625,,,,,3548.009033203125,3273.29248046875,2660.69482421875,2007.9036865234373,1557.5355224609375,1241.1741943359375,,577.2779541015625,,91.34008026123048,,-222.5079345703125,,-465.4966735839844,,-590.8291015625
"Europe (R10)",1,"Mt CO2/yr","Emissions|CO2","ENGAGE-INDCi2030-1600","POLES-JRC ENGAGE",344,"ANNUAL",3770.7353515625,,,,,3548.009033203125,3273.29248046875,2800.953125,2215.64404296875,1780.359375,1489.9931640625,,864.481201171875,,338.9703063964844,,-37.8029670715332,,-314.90484619140625,,-436.3232727050781
"Europe (R10)",1,"Mt CO2/yr","Emissions|CO2","ENGAGE-INDCi2030-1600f","POLES-JRC ENGAGE",345,"ANNUAL",3770.7353515625,,,,,3548.009033203125,3273.29248046875,2800.953125,2215.64404296875,1780.359375,1489.9931640625,,864.481201171875,,338.9703063964844,,-37.8029670715332,,-314.90484619140625,,-436.3232727050781
"Europe (R10)",1,"Mt CO2/yr","Emissions|CO2","ENGAGE-INDCi2030-1800","POLES-JRC ENGAGE",346,"ANNUAL",3770.7353515625,,,,,3548.009033203125,3273.29248046875,2919.085205078125,2418.864501953125,2022.737548828125,1730.263427734375,,1249.8583984375,,841.3299560546875,,395.0066528320313,,-134.11817932128906,,-392.63275146484375
"Europe (R10)",1,"Mt CO2/yr","Emissions|CO2","ENGAGE-INDCi2030-1800f","POLES-JRC ENGAGE",347,"ANNUAL",3770.7353515625,,,,,3548.009033203125,3273.29248046875,2919.085205078125,2418.864501953125,2022.737548828125,1730.263427734375,,1249.8583984375,,841.3299560546875,,395.0066528320313,,-134.11817932128906,,-392.63275146484375
"Europe (R10)",1,"Mt CO2/yr","Emissions|CO2","ENGAGE-INDCi2030-2000","POLES-JRC ENGAGE",348,"ANNUAL",3770.7353515625,,,,,3548.009033203125,3273.29248046875,2980.12353515625,2526.853271484375,2151.6650390625,1884.458984375,,1412.3077392578125,,1080.6795654296875,,684.1158447265625,,162.80764770507812,,-226.70486450195312
"Europe (R10)",1,"Mt CO2/yr","Emissions|CO2","ENGAGE-INDCi2030-2000f","POLES-JRC ENGAGE",349,"ANNUAL",3770.7353515625,,,,,3548.009033203125,3273.29248046875,2980.12353515625,2526.853271484375,2151.6650390625,1884.458984375,,1412.3077392578125,,1080.6795654296875,,684.1158447265625,,162.80764770507812,,-226.70486450195312
"Europe (R10)",1,"Mt CO2/yr","Emissions|CO2","ENGAGE-INDCi2030-2500","POLES-JRC ENGAGE",350,"ANNUAL",3770.7353515625,,,,,3548.009033203125,3273.29248046875,3087.428955078125,2833.354736328125,2558.700439453125,2315.146240234375,,1927.5159912109373,,1565.23486328125,,1229.0198974609375,,978.73388671875,,752.3314819335938
"Europe (R10)",1,"Mt CO2/yr","Emissions|CO2","ENGAGE-INDCi2030-2500f","POLES-JRC ENGAGE",351,"ANNUAL",3770.7353515625,,,,,3548.009033203125,3273.29248046875,3087.428955078125,2833.354736328125,2558.700439453125,2315.146240234375,,1927.5159912109373,,1565.23486328125,,1229.0198974609375,,978.73388671875,,752.3314819335938
"Europe (R10)",1,"Mt CO2/yr","Emissions|CO2","ENGAGE-INDCi2030-3000","POLES-JRC ENGAGE",352,"ANNUAL",3770.7353515625,,,,,3548.009033203125,3273.29248046875,3138.835205078125,2999.226318359375,2866.849365234375,2790.75,,2518.044677734375,,2293.98046875,,2008.498046875,,1737.38330078125,,1402.68310546875
"Europe (R10)",1,"Mt CO2/yr","Emissions|CO2","ENGAGE-INDCi2030-3000f","POLES-JRC ENGAGE",353,"ANNUAL",3770.7353515625,,,,,3548.009033203125,3273.29248046875,3138.835205078125,2999.226318359375,2866.849365234375,2790.75,,2518.044677734375,,2293.98046875,,2008.498046875,,1737.38330078125,,1402.68310546875
"Europe (R10)",1,"Mt CO2/yr","Emissions|CO2","ENGAGE-INDCi2030-300f","POLES-JRC ENGAGE",354,"ANNUAL",3770.7353515625,,,,,3548.009033203125,3273.29248046875,1355.703125,522.2479858398438,235.78895568847656,-19.14878273010254,,-852.22998046875,,-1504.40185546875,,-1681.941162109375,,-1810.9521484375,,-1778.0753173828125
"Europe (R10)",1,"Mt CO2/yr","Emissions|CO2","ENGAGE-INDCi2030-400f","POLES-JRC ENGAGE",355,"ANNUAL",3770.7353515625,,,,,3548.009033203125,3273.29248046875,1435.271240234375,555.0463256835938,253.10867309570312,30.797792434692383,,-691.0838623046875,,-1219.3455810546875,,-1536.021484375,,-1571.837158203125,,-1544.8458251953125
"Europe (R10)",1,"Mt CO2/yr","Emissions|CO2","ENGAGE-INDCi2030-500f","POLES-JRC ENGAGE",356,"ANNUAL",3770.7353515625,,,,,3548.009033203125,3273.29248046875,1579.3951416015625,634.5230102539062,301.9236145019531,105.56778717041016,,-490.9283142089844,,-809.1465454101562,,-1209.12109375,,-1361.4237060546875,,-1365.85107421875
"Europe (R10)",1,"Mt CO2/yr","Emissions|CO2","ENGAGE-INDCi2030-600f","POLES-JRC ENGAGE",357,"ANNUAL",3770.7353515625,,,,,3548.009033203125,3273.29248046875,1675.712646484375,703.006591796875,343.14276123046875,146.16372680664062,,-366.6905212402344,,-543.343994140625,,-1032.72412109375,,-1249.7940673828125,,-1297.93359375
"Europe (R10)",1,"Mt CO2/yr","Emissions|CO2","ENGAGE-INDCi2030-600f-COV","POLES-JRC ENGAGE",358,"ANNUAL",3442.6240234375,,,,,3459.31689453125,3206.266845703125,1680.0115966796875,741.8018798828125,366.8460083007813,164.9822998046875,,-284.8938293457031,,-368.26806640625,,-961.5067138671876,,-1251.4351806640625,,-1294.140625
"Europe (R10)",1,"Mt CO2/yr","Emissions|CO2","ENGAGE-INDCi2030-600f-COV-NDCp","POLES-JRC ENGAGE",359,"ANNUAL",3442.670166015625,,,,,3037.41796875,2165.872314453125,1110.992919921875,509.5900268554688,251.6763458251953,105.44535064697266,,-264.6075439453125,,-389.2652587890625,,-1029.806396484375,,-1243.911865234375,,-1277.1861572265625
"Europe (R10)",1,"Mt CO2/yr","Emissions|CO2","ENGAGE-INDCi2030-600f-NDCp","POLES-JRC ENGAGE",360,"ANNUAL",3725.5927734375,,,,,2913.849853515625,2106.19189453125,1107.5775146484375,515.5109252929688,249.6760711669922,108.49391174316406,,-329.71514892578125,,-264.5120849609375,,-1141.0731201171875,,-1237.7850341796875,,-1265.1005859375
"Europe (R10)",1,"Mt CO2/yr","Emissions|CO2","ENGAGE-INDCi2030-700f","POLES-JRC ENGAGE",361,"ANNUAL",3770.7353515625,,,,,3548.009033203125,3273.29248046875,1811.534912109375,817.5519409179688,410.961669921875,202.99966430664065,,-204.0618591308593,,-399.1617736816406,,-873.3695678710938,,-1205.93896484375,,-1278.001953125
"Europe (R10)",1,"Mt CO2/yr","Emissions|CO2","ENGAGE-INDCi2030-800f","POLES-JRC ENGAGE",362,"ANNUAL",3770.7353515625,,,,,3548.009033203125,3273.29248046875,1936.67919921875,943.1455078125,504.43499755859375,263.6673583984375,,-106.97028350830078,,-410.3419189453125,,-824.51708984375,,-1163.1353759765625,,-1279.89208984375
"Europe (R10)",1,"Mt CO2/yr","Emissions|CO2","ENGAGE-INDCi2030-900","POLES-JRC ENGAGE",363,"ANNUAL",3770.7353515625,,,,,3548.009033203125,3273.29248046875,1281.8834228515625,506.1958618164063,226.5736846923828,26.3049545288086,,-233.6503753662109,,-411.0861511230469,,-471.7542724609375,,-479.3110656738281,,-544.8153076171875
"Europe (R10)",1,"Mt CO2/yr","Emissions|CO2","ENGAGE-INDCi2030-900f","POLES-JRC ENGAGE",364,"ANNUAL",3770.7353515625,,,,,3548.009033203125,3273.29248046875,2101.291259765625,1162.73486328125,674.9649658203125,387.6385498046875,,-29.560108184814453,,-368.2371215820313,,-675.6731567382812,,-957.1253051757812,,-1095.516845703125
"Europe (R10)",1,"Mt CO2/yr","Emissions|CO2","ENGAGE-INDCi2100","POLES-JRC ENGAGE",365,"ANNUAL",3725.572509765625,,,,,3153.097900390625,2633.92578125,2374.168212890625,2175.03759765625,1974.9300537109373,1933.5020751953125,,1750.98583984375,,1572.8958740234375,,1493.9053955078125,,1434.2430419921875,,1280.1971435546875
"Europe (R10)",1,"Mt CO2/yr","Emissions|CO2","ENGAGE-INDCi2100-COV","POLES-JRC ENGAGE",366,"ANNUAL",3404.46337890625,,,,,3106.05810546875,2598.323486328125,2337.333740234375,2144.265869140625,1965.57861328125,1915.755859375,,1733.3304443359375,,1540.3499755859375,,1463.849609375,,1447.3011474609375,,1327.852783203125
"Europe (R10)",1,"Mt CO2/yr","Emissions|CO2","ENGAGE-INDCi2100-COV-NDCp","POLES-JRC ENGAGE",367,"ANNUAL",3404.48779296875,,,,,2869.230712890625,2074.516357421875,1641.60888671875,1399.1051025390625,1222.1031494140625,1129.1273193359375,,855.0772705078125,,624.9027709960938,,563.2190551757812,,535.0640258789062,,463.4487915039063
"Europe (R10)",1,"Mt CO2/yr","Emissions|CO2","ENGAGE-INDCi2100-NDCp","POLES-JRC ENGAGE",368,"ANNUAL",3725.5927734375,,,,,2913.85009765625,2106.187744140625,1679.393798828125,1439.07958984375,1246.0770263671875,1166.495849609375,,895.63671875,,646.0545043945312,,579.3746337890625,,534.4876708984375,,407.26708984375
"Europe (R10)",1,"Mt CO2/yr","Emissions|CO2","ENGAGE-NPi2020-1000f","POLES-JRC ENGAGE",371,"ANNUAL",3764.987548828125,,,,,3515.516845703125,3014.89794921875,2356.872314453125,1807.902587890625,1329.4779052734375,929.5210571289062,,219.6631622314453,,-278.18756103515625,,-529.816650390625,,-723.888916015625,,-829.8642578125
"Europe (R10)",1,"Mt CO2/yr","Emissions|CO2","ENGAGE-NPi2020-1000f-COV","POLES-JRC ENGAGE",372,"ANNUAL",3448.3095703125,,,,,3535.594970703125,3086.29345703125,2435.90185546875,1915.3671875,1436.9132080078125,1031.7164306640625,,289.0442810058594,,-208.7535858154297,,-469.69140625,,-694.0882568359375,,-825.3240966796875
"Europe (R10)",1,"Mt CO2/yr","Emissions|CO2","ENGAGE-NPi2020-1200f","POLES-JRC ENGAGE",374,"ANNUAL",3764.987548828125,,,,,3515.516845703125,3168.14404296875,2623.245361328125,2096.463134765625,1623.850830078125,1243.6397705078125,,486.9747924804688,,-103.46578979492188,,-354.503662109375,,-536.0851440429688,,-719.490234375
"Europe (R10)",1,"Mt CO2/yr","Emissions|CO2","ENGAGE-NPi2020-1400","POLES-JRC ENGAGE",375,"ANNUAL",3764.987548828125,,,,,3515.516845703125,3216.760986328125,2773.374755859375,2310.2685546875,1835.2850341796875,1450.534912109375,,697.605224609375,,109.6216278076172,,-161.15164184570312,,-378.3009948730469,,-451.4231262207031
"Europe (R10)",1,"Mt CO2/yr","Emissions|CO2","ENGAGE-NPi2020-1400f","POLES-JRC ENGAGE",376,"ANNUAL",3764.987548828125,,,,,3515.516845703125,3235.98388671875,2816.275634765625,2370.411376953125,1904.9312744140625,1514.428955078125,,766.0772094726562,,179.34906005859375,,-138.72048950195312,,-408.7438659667969,,-578.3804321289062
"Europe (R10)",1,"Mt CO2/yr","Emissions|CO2","ENGAGE-NPi2020-1600","POLES-JRC ENGAGE",377,"ANNUAL",3764.987548828125,,,,,3515.516845703125,3216.760986328125,2893.230224609375,2528.282470703125,2129.160888671875,1748.245361328125,,1154.965087890625,,504.749755859375,,9.795185089111328,,-247.6443786621093,,-374.8177185058594
"Europe (R10)",1,"Mt CO2/yr","Emissions|CO2","ENGAGE-NPi2020-1600f","POLES-JRC ENGAGE",378,"ANNUAL",3764.987548828125,,,,,3515.516845703125,3216.760986328125,2893.230224609375,2528.282470703125,2129.1611328125,1748.2449951171875,,1154.96484375,,504.74755859375,,9.78406810760498,,-254.07481384277344,,-408.8805236816406
"Europe (R10)",1,"Mt CO2/yr","Emissions|CO2","ENGAGE-NPi2020-1800","POLES-JRC ENGAGE",379,"ANNUAL",3764.987548828125,,,,,3515.516845703125,3216.760986328125,2971.4267578125,2655.839111328125,2291.16552734375,1941.5802001953125,,1394.076171875,,945.0081787109376,,435.0959167480469,,-100.86197662353516,,-427.6976623535156
"Europe (R10)",1,"Mt CO2/yr","Emissions|CO2","ENGAGE-NPi2020-1800f","POLES-JRC ENGAGE",380,"ANNUAL",3764.987548828125,,,,,3515.516845703125,3216.760986328125,2971.4267578125,2655.839111328125,2291.16552734375,1941.5802001953125,,1394.076171875,,945.0081787109376,,435.0959167480469,,-100.86197662353516,,-427.6976623535156
"Europe (R10)",1,"Mt CO2/yr","Emissions|CO2","ENGAGE-NPi2020-2000","POLES-JRC ENGAGE",381,"ANNUAL",3764.987548828125,,,,,3515.516845703125,3216.760986328125,2971.4267578125,2740.465576171875,2413.14013671875,2104.0458984375,,1576.957763671875,,1196.6683349609375,,794.2322998046875,,357.4308166503906,,-61.12448501586914
"Europe (R10)",1,"Mt CO2/yr","Emissions|CO2","ENGAGE-NPi2020-2000f","POLES-JRC ENGAGE",382,"ANNUAL",3764.987548828125,,,,,3515.516845703125,3216.760986328125,2971.4267578125,2740.465576171875,2413.14013671875,2104.0458984375,,1576.957763671875,,1196.6683349609375,,794.2322998046875,,357.4308166503906,,-61.12448501586914
"Europe (R10)",1,"Mt CO2/yr","Emissions|CO2","ENGAGE-NPi2020-2500","POLES-JRC ENGAGE",383,"ANNUAL",3764.987548828125,,,,,3579.51953125,3353.229248046875,3148.3359375,2949.507080078125,2760.701904296875,2531.41796875,,2046.683837890625,,1644.2669677734375,,1308.4462890625,,1008.4761962890624,,804.5541381835938
"Europe (R10)",1,"Mt CO2/yr","Emissions|CO2","ENGAGE-NPi2020-2500f","POLES-JRC ENGAGE",384,"ANNUAL",3764.987548828125,,,,,3579.51953125,3353.229248046875,3148.3359375,2949.507080078125,2760.701904296875,2531.41796875,,2046.683837890625,,1644.2669677734375,,1308.4462890625,,1008.4761962890624,,804.5541381835938
"Europe (R10)",1,"Mt CO2/yr","Emissions|CO2","ENGAGE-NPi2020-3000","POLES-JRC ENGAGE",385,"ANNUAL",3764.987548828125,,,,,3515.516845703125,3216.760986328125,2998.53515625,2821.107177734375,2710.26806640625,2656.17919921875,,2443.783935546875,,2262.853271484375,,2081.1884765625,,1977.1385498046875,,1849.00537109375
"Europe (R10)",1,"Mt CO2/yr","Emissions|CO2","ENGAGE-NPi2020-3000f","POLES-JRC ENGAGE",386,"ANNUAL",3764.987548828125,,,,,3515.516845703125,3216.760986328125,2998.53515625,2821.107177734375,2710.26806640625,2656.17919921875,,2443.783935546875,,2262.853271484375,,2081.1884765625,,1977.1385498046875,,1849.00537109375
"Europe (R10)",1,"Mt CO2/yr","Emissions|CO2","ENGAGE-NPi2020-900f","POLES-JRC ENGAGE",399,"ANNUAL",3764.987548828125,,,,,3497.457763671875,2874.110107421875,2172.720947265625,1598.58349609375,1108.8013916015625,706.9505004882812,,67.0531005859375,,-362.8873901367188,,-536.3739013671875,,-761.9050903320312,,-953.7575073242188
"Europe (R10)",1,"Mt CO2/yr","Emissions|CO2","ENGAGE-NPi2100","POLES-JRC ENGAGE",400,"ANNUAL",3784.50537109375,,,,,3588.381103515625,3370.244873046875,3158.189208984375,2948.70849609375,2786.747802734375,2724.963623046875,,2500.09228515625,,2327.826171875,,2218.148681640625,,2093.435302734375,,1905.6260986328125
"Europe (R10)",1,"Mt CO2/yr","Emissions|CO2","ENGAGE-NPi2100-COV","POLES-JRC ENGAGE",401,"ANNUAL",3456.124755859375,,,,,3537.123046875,3336.982177734375,3131.729736328125,2935.924072265625,2790.600830078125,2725.239013671875,,2494.01318359375,,2333.390380859375,,2209.05126953125,,2129.8818359375,,1964.4315185546875
"Europe (R10)",1,"Mt CO2/yr","Emissions|CO2","ENGAGE-NoPolicy","REMIND-MAgPIE 2.1-4.2",479,"ANNUAL",3297.7837,,,,,3258.6103,3135.6902,2989.4882,2759.4383,2509.6961,2320.3074,2258.8934,2255.5378,,2140.3268,,1926.3149,,1575.8971,,1308.9687
"Europe (R10)",1,"Mt CO2/yr","Emissions|CO2","NGFS Phase 5-Below 2°C","GCAM 6.0 NGFS",660,"ANNUAL",3863.6799813419498,,,,,3416.4099481620565,2528.6602458568977,2006.3840986276412,1498.509360079261,1015.4377185534807,527.6163681221847,222.4190544045091,-58.29148655591452,-317.842629781953,-368.5259178962079,-400.78516630813897,-406.15530927573076,-413.13985249308257,-418.48833635450313,-419.573199344483,-417.7146126022997
"Europe (R10)",1,"Mt CO2/yr","Emissions|CO2","NGFS Phase 5-Current Policies","GCAM 6.0 NGFS",661,"ANNUAL",3863.6796417468913,,,,,3491.4965393113466,3123.528205154552,3128.2338954852744,3169.8541660475357,3216.341870526805,3262.562838281971,3316.203186311047,3366.112265311218,3395.079408579908,3409.197004203506,3376.091693276382,3348.889210606133,3324.5855888163082,3297.105314658716,3206.389898074811,3125.482674138058
"Europe (R10)",1,"Mt CO2/yr","Emissions|CO2","NGFS Phase 5-Delayed Transition","GCAM 6.0 NGFS",662,"ANNUAL",3863.6799469832044,,,,,3491.4968489159937,3123.5129293569926,2340.9629807972588,1521.694543589793,744.6179841411207,4.615302217424059,-101.77535213714599,-127.69467134520939,-237.94034752576079,-306.666910549659,-357.44388910689054,-402.2799661436986,-406.1959938078638,-415.4826575142356,-418.27084542864753,-414.5528951635507
"Europe (R10)",1,"Mt CO2/yr","Emissions|CO2","NGFS Phase 5-Fragmented World","GCAM 6.0 NGFS",663,"ANNUAL",3864.4234966311533,,,,,3490.4560889400823,3117.4173507149803,2706.0423453900453,2252.1758301376426,1762.8393856974806,1272.8432262114873,1232.0062806055105,1193.3909892993256,1131.1355237321695,1092.258056999227,1058.114602797103,1015.872335662483,985.3086382188236,953.7529614932635,925.8986115102239,892.8574939752382
"Europe (R10)",1,"Mt CO2/yr","Emissions|CO2","NGFS Phase 5-Low Demand","GCAM 6.0 NGFS",664,"ANNUAL",3863.5556759770793,,,,,3347.9753311164163,2335.7274663847465,1633.2243466238704,959.0343694330334,301.0393369953368,-338.9580561226432,-567.2030893904981,-538.1239277056362,-564.3344609158166,-573.9517822192603,-575.4520040595961,-574.6184943481235,-571.9476158557674,-562.4178189863843,-549.7392148480294,-540.3131182010479
"Europe (R10)",1,"Mt CO2/yr","Emissions|CO2","NGFS Phase 5-Nationally Determined Contributions (NDCs)","GCAM 6.0 NGFS",665,"ANNUAL",3863.73351317861,,,,,3457.9684895571327,2660.9925126549947,2552.974821937432,2453.0187758974184,2364.6212304616447,2281.4841012643187,2217.000357659451,2160.9996807829298,2097.319341353306,2060.396392898614,1959.2325298429698,1829.031694744782,1712.353987730167,1605.272264391914,1497.499566220884,1396.640235773274
"Europe (R10)",1,"Mt CO2/yr","Emissions|CO2","NGFS Phase 5-Net-Zero 2050","GCAM 6.0 NGFS",666,"ANNUAL",3863.680355265607,,,,,3361.121122134413,2356.2965013713388,1667.1590837669285,994.1278525165512,326.9014734693772,-293.46611043925793,-479.59600052087444,-480.5486525663397,-499.1271997015122,-504.0664478424549,-504.1572335757497,-501.8843164353816,-503.4356548490699,-508.0587332732383,-505.4233707131852,-500.19867988294385
"Europe (R10)",1,"Mt CO2/yr","Emissions|CO2","NGFS Phase 5-Below 2°C","MESSAGEix-GLOBIOM 2.0-M-R12-NGFS",667,"ANNUAL",3794.943440294969,,,,,3551.4801149700747,3030.4487726626876,2447.978090757933,1834.6046842374894,1381.0367624875814,964.4464601944153,585.9467837070588,361.86615962522035,,213.66897012425474,,180.74474846561796,,188.4464966952323,,205.8895988152194
"Europe (R10)",1,"Mt CO2/yr","Emissions|CO2","NGFS Phase 5-Current Policies","MESSAGEix-GLOBIOM 2.0-M-R12-NGFS",668,"ANNUAL",3794.943440294969,,,,,3551.5455780571315,3205.244847429203,3265.2915294119875,3237.6095107247224,3343.3302580409404,3319.1268399813302,3161.2556882118897,3190.607947554651,,2910.737850790724,,2880.568960899029,,2944.989845358071,,2887.5770591968435
"Europe (R10)",1,"Mt CO2/yr","Emissions|CO2","NGFS Phase 5-Delayed Transition","MESSAGEix-GLOBIOM 2.0-M-R12-NGFS",669,"ANNUAL",3794.943440294969,,,,,3551.5455780571315,3205.244847429203,2706.3779561733236,2053.200168873751,1489.5825829299404,889.848474426791,590.155217177018,344.2083667718062,,211.03295836731232,,199.3951499619659,,195.36347704224383,,197.380815354438
"Europe (R10)",1,"Mt CO2/yr","Emissions|CO2","NGFS Phase 5-Fragmented World","MESSAGEix-GLOBIOM 2.0-M-R12-NGFS",670,"ANNUAL",3794.943440294969,,,,,3551.5455780571315,3205.244847429203,2918.513374555466,2503.3042685371515,1907.7126170858687,874.539993531472,867.5830207052551,410.2109188452796,,447.73034529419823,,464.5118724622384,,467.1920889437929,,468.69672006435667
"Europe (R10)",1,"Mt CO2/yr","Emissions|CO2","NGFS Phase 5-Low Demand","MESSAGEix-GLOBIOM 2.0-M-R12-NGFS",671,"ANNUAL",3794.943440294969,,,,,3551.4801149700747,2508.103299908965,1615.5283893217893,990.4825601615174,481.3503726780183,79.39941039785359,-183.5797837664344,-482.288755344645,,-453.86039681397074,,-434.52407382697794,,-457.0976198956589,,-454.6355184081869
"Europe (R10)",1,"Mt CO2/yr","Emissions|CO2","NGFS Phase 5-Nationally Determined Contributions (NDCs)","MESSAGEix-GLOBIOM 2.0-M-R12-NGFS",672,"ANNUAL",3794.943440294969,,,,,3551.4801149700747,3028.2516137688453,2543.279588919198,1991.2491317385611,1626.9354962992863,1425.3839408605927,1186.639841976102,1100.843816721553,,882.3037899834969,,744.2311225100406,,741.9898802155113,,790.0809841036845
"Europe (R10)",1,"Mt CO2/yr","Emissions|CO2","NGFS Phase 5-Net-Zero 2050","MESSAGEix-GLOBIOM 2.0-M-R12-NGFS",673,"ANNUAL",3794.943440294969,,,,,3551.4801149700747,2265.0038831407483,1496.9777532897688,969.9783766598216,542.23813470938,174.2851106307848,-479.2405586925724,-753.5833853883832,,-464.5704636894024,,-459.7246026835067,,-427.68259935763365,,-443.22964845285367
"Europe (R10)",1,"Mt CO2/yr","Emissions|CO2","NGFS Phase 5-Below 2°C","REMIND-MAgPIE 3.3-4.8",674,"ANNUAL",4103.2108662,,,,,3749.8448178,2899.299055900001,2038.5924582,1319.619643,866.0152443999999,568.1269154,432.3334086,230.54624180000002,,23.505883899999994,,-56.54239319999999,,-15.4786228,,-129.5152728
"Europe (R10)",1,"Mt CO2/yr","Emissions|CO2","NGFS Phase 5-Current Policies","REMIND-MAgPIE 3.3-4.8",675,"ANNUAL",4103.2108662,,,,,3819.6392554999998,3201.1266036,2697.639496900001,2335.0523854,2112.0978909,1923.4087218,1836.3055273999998,1673.7552801,,1367.8647525999997,,1180.4067755,,1091.4328276,,916.1338168
"Europe (R10)",1,"Mt CO2/yr","Emissions|CO2","NGFS Phase 5-Delayed Transition","REMIND-MAgPIE 3.3-4.8",676,"ANNUAL",4103.2108662,,,,,3819.6392554999998,3201.1266036,2059.3765969,621.4338084999999,92.076042,-185.3105245,-278.2792401999999,-391.0333353,,-483.0211228999999,,-631.320457,,-615.6140967000001,,-557.5543613
"Europe (R10)",1,"Mt CO2/yr","Emissions|CO2","NGFS Phase 5-Fragmented World","REMIND-MAgPIE 3.3-4.8",677,"ANNUAL",4103.2108662,,,,,3819.6392554999998,3201.1266036,2473.9512286,1693.3286961,1133.8768125,812.3278644999998,711.0057075999999,564.3750341,,381.8281868,,264.5663854,,274.17337410000005,,221.42805709999988
"Europe (R10)",1,"Mt CO2/yr","Emissions|CO2","NGFS Phase 5-Low Demand","REMIND-MAgPIE 3.3-4.8",678,"ANNUAL",4103.2108662,,,,,3507.0694977,1800.6072536,803.7868584999999,117.2228303,-152.8682393,-221.1879394,-191.2782704,-313.34573,,-447.51206809999985,,-466.54533719999995,,-622.7023953,,-713.2441121999999
"Europe (R10)",1,"Mt CO2/yr","Emissions|CO2","NGFS Phase 5-Nationally Determined Contributions (NDCs)","REMIND-MAgPIE 3.3-4.8",679,"ANNUAL",4103.2108662,,,,,3653.9328754000007,2517.763081,1639.7148725000002,1044.3772002,709.6951042,533.0198799,470.7450321,335.2594158999999,,169.88727340000003,,76.9937715,,130.92629699999998,,127.8006292
"Europe (R10)",1,"Mt CO2/yr","Emissions|CO2","NGFS Phase 5-Net-Zero 2050","REMIND-MAgPIE 3.3-4.8",680,"ANNUAL",4103.2108662,,,,,3575.1573165,1984.7590623,663.6003085,-112.8934769,-370.05091600000003,-410.2029540999999,-379.595652,-424.7950664999999,,-410.4667981,,-488.1250270999999,,-553.7928436999999,,-555.8029237
"Europe (R10)",1,"Mt CO2/yr","Emissions|CO2","NAVIGATE Demand-1.5°C-tec_u","IMAGE 3.3",697,"ANNUAL",3742.313682896362,,,,,3172.678027123549,2131.635767812601,1466.603878154568,875.9411456586511,507.3678176069561,249.6280091830532,,64.595761245401,,-10.36236969724127,,-57.8856550905081,,-73.06602001854422,,-22.7930873653152
"Europe (R10)",1,"Mt CO2/yr","Emissions|CO2","NAVIGATE Demand-2.0°C-ele_u","IMAGE 3.3",699,"ANNUAL",3742.363869053594,,,,,3242.197967824042,2287.751559147593,1700.654841259748,1325.146990578638,1159.148708448883,1029.142433260062,,896.5093155722235,,695.9085382458409,,607.433895802088,,496.0550003502717,,489.7887767601227
"Europe (R10)",1,"Mt CO2/yr","Emissions|CO2","SHAPE-SSP2-NPi","REMIND-MAgPIE 3.2-4.6",716,"ANNUAL",3748.1846,,,,,3315.7467,2802.2749,2560.2955,2320.1106,2121.0783,1954.016,1779.413,1553.34,,1309.8402,,1099.2895,,953.2766,,856.3676
"Europe (R10)",1,"Mt CO2/yr","Emissions|CO2","NAVIGATE Demand-2.0°C-ref","IMAGE 3.3",755,"ANNUAL",3740.218256972506,,,,,3192.191994003579,2304.39671855259,1785.046585245285,1421.213492204804,1193.424594987644,984.3174528380999,,784.6437696534439,,597.784544045433,,528.311810223606,,446.8994287261335,,426.4591370016597
"Europe (R10)",1,"Mt CO2/yr","Emissions|CO2","NAVIGATE Demand-2.0°C-tec_u","IMAGE 3.3",756,"ANNUAL",3742.313682896362,,,,,3236.133583363041,2304.734314174366,1781.15866867999,1423.639254381538,1195.560667782434,999.5681700025723,,713.8048477821765,,546.5034320056554,,457.9343827981815,,406.7762219480921,,402.5774043767062
"Europe (R10)",1,"Mt CO2/yr","Emissions|CO2","NAVIGATE Demand-NPi-ele","IMAGE 3.3",759,"ANNUAL",3742.355588617395,,,,,3281.531662285626,2686.706723775333,2384.304326592081,2345.122673247861,2593.141487357322,2628.730858088096,,2454.248080158823,,2546.390368375208,,2379.965853589571,,2138.14696013497,,2048.447624392765
"Europe (R10)",1,"Mt CO2/yr","Emissions|CO2","NAVIGATE Demand-NPi-ref","IMAGE 3.3",760,"ANNUAL",3740.210731846366,,,,,3283.385864556303,2754.419459275467,2582.946284211051,2679.354367817633,2950.701156884456,3066.634592970843,,2803.149043020131,,2832.219920097969,,2926.105156210834,,2672.028251890861,,2523.91692883866
"Europe (R10)",1,"Mt CO2/yr","Emissions|CO2","NAVIGATE Demand-NPi-tec","IMAGE 3.3",761,"ANNUAL",3742.291639032428,,,,,3282.040993035183,2722.951759585921,2519.14669822706,2598.343363680223,2826.717794039526,2847.769879917905,,2563.381040170371,,2569.503135914743,,2698.434171286165,,2509.354578882094,,2363.901527619685
"Europe (R10)",1,"Mt CO2/yr","Emissions|CO2","NAVIGATE Demand-1.5°C-ele_u","IMAGE 3.3",765,"ANNUAL",3742.363869053594,,,,,3195.452667526824,2182.314219355294,1421.09320208435,856.1589388036219,543.6144689418347,317.5644388487547,,207.2387247075288,,57.46632338092612,,-41.3531365432186,,-58.36877465778731,,1.802657604381398
"Europe (R10)",1,"Mt CO2/yr","Emissions|CO2","NAVIGATE Demand-NPi-act","WITCH 5.0",793,"ANNUAL",3643.30787481,,,,,3590.27941793412,2383.4209949961,2084.45299285602,1930.07997553277,1814.57782955777,1713.35915342029,1640.05186018927,1550.56681674916,1476.94336442574,1421.10354841179,1381.59420472732,1355.06488076427,1333.57960747755,1318.66845951849,1306.48513771238,1295.28996648183
"Europe (R10)",1,"Mt CO2/yr","Emissions|CO2","NAVIGATE Demand-NPi-all","WITCH 5.0",794,"ANNUAL",3683.97837407451,,,,,3586.88456580328,1786.52187539815,1495.40206393705,1317.46001086544,1163.43440809735,1049.03485459213,969.813882120919,886.885690006834,817.28617192241,759.341130923192,718.86506513362,689.407752946799,672.974060494481,667.739817562161,663.538896426886,653.162423954774
"Europe (R10)",1,"Mt CO2/yr","Emissions|CO2","NAVIGATE Demand-NPi-ele","WITCH 5.0",795,"ANNUAL",3643.30787481,,,,,3687.91943737791,2130.7923111482,1696.90346190526,1562.14193503959,1355.75682181413,1199.47708244748,1074.3151982232,959.685697733045,839.802119605643,758.491342074295,707.203440840135,663.755507721275,641.227482915341,629.75222150842,624.944517797181,623.20388243658
"Europe (R10)",1,"Mt CO2/yr","Emissions|CO2","NAVIGATE Demand-NPi-ref","WITCH 5.0",796,"ANNUAL",3643.30787481,,,,,3692.51999657952,2646.02138413165,2390.5267277758,2316.86042641762,2208.40593868743,2116.57652246374,2033.22693469204,1959.74087136715,1901.29971614239,1856.61943550919,1832.0401953194,1815.65715709459,1801.89333635136,1785.67524234139,1767.4449571942,1747.85540670541
"Europe (R10)",1,"Mt CO2/yr","Emissions|CO2","BEG-Baseline","REMIND-Buildings 2.0",803,"ANNUAL",3533.4355,,,,,3483.6108,3305.0828,3104.7498,2913.7141,2799.7037,2764.3911,2756.6569,2685.7548,,2393.9879,,1971.2152,,1428.8693,,1061.2946
"Europe (R10)",1,"Mt CO2/yr","Emissions|CO2","BEG-Efficiency","REMIND-Buildings 2.0",804,"ANNUAL",3412.8538,,,,,3433.8266,3236.9851,3016.5018,2825.79,2716.9118,2686.2831,2649.9249,2552.6286,,2247.7665,,1863.98,,1339.3514,,1046.2854
"Europe (R10)",1,"Mt CO2/yr","Emissions|CO2","CD-LINKS-No-Policy","REMIND-MAgPIE 1.7-3.0",837,"ANNUAL",3502.0845,,,,,3493.0387,3555.6086,3565.6481,3566.033,3522.3619,3506.5269,3542.8679,3482.8172,,3334.0535,,3126.4809,,2677.4314,,2495.6838
"Europe (R10)",1,"Mt CO2/yr","Emissions|CO2","COMMIT-2°C-2030","IMAGE 3.0",880,"ANNUAL",395.7337952019914,,,,,436.1335119008138,440.974238117888,318.0165583581748,244.2539851092817,176.8943710487961,130.5347964087581,,49.53439458661575,,10.56935699876867,,9.453173081939498,,14.61853400999087,,6.923396230373357
"Europe (R10)",1,"Mt CO2/yr","Emissions|CO2","COMMIT-Current-Policies","IMAGE 3.0",883,"ANNUAL",394.8571040194573,,,,,434.1780701078301,440.9768117669768,458.0554072478589,470.1480611592772,496.0186055952228,528.7780813062087,,600.1178436824857,,662.5791321403127,,695.3382162090459,,716.7365418132048,,718.9185486493407
"Europe (R10)",1,"Mt CO2/yr","Emissions|CO2","COMMIT-NDCplus","IMAGE 3.0",885,"ANNUAL",394.886057571706,,,,,434.182098428143,440.9859594110206,457.6564636646521,469.4140116800437,497.869171187839,532.1858724442138,,611.276235000232,,685.4518229789804,,728.8460643159332,,763.5774587689605,,777.3007151992446
"Europe (R10)",1,"Mt CO2/yr","Emissions|CO2","COMMIT-Baseline","REMIND-MAgPIE 1.7-3.0",898,"ANNUAL",3486.7282,,,,,3478.8214,3527.6289,3524.5741,3520.0359,3466.7949,3424.11,3424.3227,3343.2266,,3198.3037,,3019.9582,,2594.3461,,2450.7588
"Europe (R10)",1,"Mt CO2/yr","Emissions|CO2","COMMIT-Current-Policies","REMIND-MAgPIE 1.7-3.0",900,"ANNUAL",3388.6216,,,,,3170.1993,2962.7801,2837.251,2775.912,2701.11,2646.7336,2594.3084,2529.0756,,2434.2705,,2380.9536,,2167.0709,,2008.8483
"Europe (R10)",1,"Mt CO2/yr","Emissions|CO2","COMMIT-Baseline","WITCH 5.0",905,"ANNUAL",3234.56458829497,,,,,3073.30858013565,2988.80273397336,3123.274247503919,3193.62151338251,3227.96534750651,3276.514877104411,3342.07964585744,3408.59734666737,3423.91198864029,3429.34196403129,3394.02649526478,3367.24218280704,3407.40631740023,3469.10785967981,3184.69855725757,2753.05027095495
"Europe (R10)",1,"Mt CO2/yr","Emissions|CO2","SSP2021-SSP1-Baseline","IMAGE 3.2",1054,"ANNUAL",3934.321192781168,,,,,3687.756154713506,3365.716227519516,3132.357534057546,2939.216471621368,2728.082105248821,2606.25459313244,2499.285400617833,2409.859794835777,2392.736048598056,2428.358289303605,2378.746419487083,2226.960121357236,1928.846962150448,1745.904963334174,1585.886960491665,1432.66680412601
"Europe (R10)",1,"Mt CO2/yr","Emissions|CO2","SSP2021-SSP1-SPA1-19-Default","IMAGE 3.2",1055,"ANNUAL",3934.381813406987,,,,,3631.192858708201,2882.011273963987,2083.184641709563,1335.410311502423,703.8254395171091,246.3192891106418,10.83774821062067,-263.3298371872285,-461.8159858805554,-610.7545989909682,-732.7971541753012,-900.674607080641,-1001.261088223882,-1164.107049292852,-1129.976700249718,-1143.753426337905
"Europe (R10)",1,"Mt CO2/yr","Emissions|CO2","SSP2021-SSP1-SPA1-19-Default-LowBiomass","IMAGE 3.2",1056,"ANNUAL",3934.201993664132,,,,,3504.842997551695,2251.385226136475,1476.466409181668,890.2651113683681,486.6228002354819,217.7626387476205,126.3748580729612,6.367592494271911,-63.17993101058576,-125.6385479087605,-167.6617091649205,-270.441833202788,-319.7288847260268,-372.1732371986492,-364.7153581315039,-425.3525063583502
"Europe (R10)",1,"Mt CO2/yr","Emissions|CO2","SSP2021-SSP1-SPA1-19-Lifestyle","IMAGE 3.2",1057,"ANNUAL",3907.184664763565,,,,,3563.758273130781,2670.917666360161,1844.063995528971,1105.02033625158,353.822853438436,-278.5452991182509,-517.9326296323509,-599.680382783093,-742.1442420362582,-845.904709574988,-923.507943555228,-1034.799292976356,-1140.425876840316,-1126.16765741811,-1012.850062060046,-976.1484432313138
"Europe (R10)",1,"Mt CO2/yr","Emissions|CO2","SSP2021-SSP1-SPA1-19-Lifestyle-Renewables","IMAGE 3.2",1058,"ANNUAL",3904.772372282877,,,,,3657.244789456012,2715.181353497974,1884.850403003381,1095.689921160806,378.0382932370852,-99.77118884437309,-346.0825933135259,-459.4735193670267,-550.417266895741,-642.5446272480493,-684.1851819978269,-760.5237821634582,-791.8804512743817,-814.6895142342189,-778.1675873510159,-800.1647409530726
"Europe (R10)",1,"Mt CO2/yr","Emissions|CO2","SSP2021-SSP1-SPA1-19-Renewables","IMAGE 3.2",1060,"ANNUAL",3933.244232535302,,,,,3631.487289758846,2868.945277156972,2166.720255730829,1480.88732287836,745.2560984971125,264.5262902818196,-4.046014150351539,-230.8533439846097,-542.6823079284649,-742.6796484668694,-992.333516529014,-1055.792740917819,-1217.433231941272,-1253.737201168867,-1119.312068405182,-1041.167908286332
"Europe (R10)",1,"Mt CO2/yr","Emissions|CO2","SSP2021-SSP1-SPA1-19-Renewables-LowBiomass","IMAGE 3.2",1061,"ANNUAL",3933.177205761207,,,,,3499.416318575778,2258.141698406784,1449.572167846216,771.3037351673677,361.4533593188498,107.9240234840674,42.70469745388428,-74.58371067725153,-128.3556954182646,-165.7247584811506,-175.438902552977,-281.763152942841,-330.5048933329634,-360.9725590080354,-347.3779395737143,-402.8134702412906
"Europe (R10)",1,"Mt CO2/yr","Emissions|CO2","SSP2021-SSP1-SPA1-26-Default","IMAGE 3.2",1062,"ANNUAL",3934.381813406987,,,,,3641.701179835458,3083.001098913085,2621.50268069893,2087.237747382132,1550.58958703468,1039.387766614672,739.7974097606543,389.528412536429,106.9287711876485,-129.7468611517284,-405.398735719024,-792.5890300199702,-907.5932319194632,-948.783520466909,-988.8890054330184,-932.612847889806
"Europe (R10)",1,"Mt CO2/yr","Emissions|CO2","SSP2021-SSP1-SPA1-26-Lifestyle","IMAGE 3.2",1063,"ANNUAL",3907.847071685012,,,,,3581.654533711835,3006.127599353688,2303.859357407521,1698.360852713804,1195.212623704847,797.1971417198113,564.6346919255166,434.1072318153839,295.0241019199274,144.8624757262634,14.35896174243491,-258.0896988149666,-543.4936752813421,-633.9038556993105,-681.0956771198198,-685.6915255216251
"Europe (R10)",1,"Mt CO2/yr","Emissions|CO2","SSP2021-SSP1-SPA1-26-Lifestyle-Renewables","IMAGE 3.2",1064,"ANNUAL",3905.728566842697,,,,,3677.106842375298,3143.354177124952,2367.073550121601,1887.947118295004,1474.824882641399,1153.704461520491,806.2517567413864,398.9181963965354,111.3384409052022,-187.2180258603222,-473.8712711765021,-631.3801409977465,-732.0723362634515,-751.4128685680661,-607.3423704063686,-561.1118698630219
"Europe (R10)",1,"Mt CO2/yr","Emissions|CO2","SSP2021-SSP1-SPA1-26-Renewables","IMAGE 3.2",1065,"ANNUAL",3933.244232535302,,,,,3644.621851934519,3104.446813229813,2623.701332330804,2115.291697376544,1595.966391390612,1219.862223418188,969.8067227291554,629.6937889035787,268.7836408859461,51.32772446145327,-257.9482110575888,-457.303139410266,-704.6531684244516,-1059.018502331687,-1167.341039127932,-1197.505208501802
"Europe (R10)",1,"Mt CO2/yr","Emissions|CO2","SSP2021-SSP1-SPA1-34-Default","IMAGE 3.2",1066,"ANNUAL",3934.166550040269,,,,,3649.651209845133,3197.885241481309,2848.918342849324,2525.652519455679,2143.088534232098,1883.757133655137,1675.78723668392,1495.901474135014,1363.009466930957,1306.776073574608,1214.91262065488,1031.832721804008,756.4914046816309,473.0039610498007,256.2657194370542,138.0246992236683
"Europe (R10)",1,"Mt CO2/yr","Emissions|CO2","SSP2021-SSP1-SPA1-34-Lifestyle","IMAGE 3.2",1067,"ANNUAL",3907.184664763565,,,,,3586.52130413871,3062.014249444217,2565.591189299805,2157.684873141303,1818.131124025961,1551.922989032686,1414.79474144128,1254.672477836229,1059.594912307427,903.7893156237478,680.2358151895303,383.3925096542488,156.9525070333114,77.4852867196906,51.16989088523651,52.81543001019284
"Europe (R10)",1,"Mt CO2/yr","Emissions|CO2","SSP2021-SSP1-SPA1-34-Lifestyle-Renewables","IMAGE 3.2",1068,"ANNUAL",3933.54070572055,,,,,3654.114169135089,3164.741005231552,2676.600982909343,2306.164255987646,1978.359718502605,1798.169258281146,1677.119142049031,1525.830900966756,1324.228211841169,1142.868727470027,1038.877904350628,657.5182732544054,393.4091047008849,260.384715421824,210.6478487842052,192.5948543723671
"Europe (R10)",1,"Mt CO2/yr","Emissions|CO2","SSP2021-SSP1-SPA1-34-Renewables","IMAGE 3.2",1069,"ANNUAL",3933.153455456029,,,,,3653.272641831953,3212.804433478922,2844.788083652985,2536.306279730898,2199.141744177787,2010.833659036969,1806.804522360706,1518.408035416357,1243.121311300755,1196.741469174143,1178.308434911399,936.2550736324772,593.031970554858,444.6166876561322,361.4008495341465,306.540755856089
"Europe (R10)",1,"Mt CO2/yr","Emissions|CO2","SSP2021-SSP2-Baseline","IMAGE 3.2",1070,"ANNUAL",3948.531708122629,,,,,3881.95168594047,3720.325068494136,3729.767171563028,3755.996628149072,3806.804433532921,3886.497925158005,3658.519557013908,3423.027588201809,3317.287145280412,3294.723572076864,3239.200897511269,3183.415822636407,3021.357111887624,2875.970891578184,2755.124163560199,2640.796824377442
"Europe (R10)",1,"Mt CO2/yr","Emissions|CO2","SSP2021-SSP2-SPA0-26-Default","IMAGE 3.2",1071,"ANNUAL",3921.743853607662,,,,,3622.270660729688,3193.787964157532,2945.482383995798,2423.604255896597,1747.515731970388,1216.834507099147,911.6721649998716,528.9226392591028,291.3211104339952,160.2968803193858,81.24792671942231,24.14067109645323,1.66981438810906,-35.87598642039606,-20.43204800473629,-28.71999097131513
"Europe (R10)",1,"Mt CO2/yr","Emissions|CO2","SSP2021-SSP2-SPA1-19-Default-LowBiomass","IMAGE 3.2",1072,"ANNUAL",3933.901743928591,,,,,3483.902697561998,2422.306912960282,1739.772055466185,1105.045135598506,685.2007173525335,376.0381832464656,265.4959265632392,170.3448065276827,138.128603312016,142.1461071302573,150.2596906162804,85.39477825941115,60.03359954108173,34.38088687573497,101.6874806178666,131.3907865007955
"Europe (R10)",1,"Mt CO2/yr","Emissions|CO2","SSP2021-SSP2-SPA2-19-Default","IMAGE 3.2",1075,"ANNUAL",3934.081144054747,,,,,3640.083025945337,3014.236188526788,2049.462733137161,1241.05949667451,589.7055868049117,115.8799069827839,-139.4225578434853,-307.1169306716371,-466.9835904398159,-504.1533674857379,-520.3217277999875,-614.4441854717624,-688.2376862197937,-775.2269904523517,-767.7641703985728,-782.2860762989408
"Europe (R10)",1,"Mt CO2/yr","Emissions|CO2","SSP2021-SSP2-SPA2-19-Lifestyle","IMAGE 3.2",1076,"ANNUAL",3906.818535206239,,,,,3704.215563792964,3147.083366680141,2197.928604325788,1191.019827633096,452.6956256642213,-147.1642551555905,-401.8219439553932,-532.5309512304594,-545.9602958857636,-555.1875219849809,-566.7715445080066,-679.4859802545917,-750.9807263103364,-696.8806677498152,-683.442404491249,-879.3185250763777
"Europe (R10)",1,"Mt CO2/yr","Emissions|CO2","SSP2021-SSP2-SPA2-19-Lifestyle-Renewables","IMAGE 3.2",1077,"ANNUAL",3937.475983023968,,,,,3754.763150874382,3018.55910773698,1882.439649117257,1006.323691141696,301.6477934793675,-190.3909890030057,-347.6696745870669,-407.1242205672033,-437.1351859172216,-581.9791425598245,-626.0548344227587,-822.3801302068011,-891.7077256059666,-982.1751837033836,-856.6523870611131,-1049.671264108079
"Europe (R10)",1,"Mt CO2/yr","Emissions|CO2","SSP2021-SSP2-SPA2-19-Renewables","IMAGE 3.2",1078,"ANNUAL",3936.306846976498,,,,,3631.034803084816,2912.366905477163,1568.606137736188,552.7769814040122,-154.3192653796296,-518.405544646025,-706.9340089804858,-814.8986861651867,-873.7614080309468,-805.6377552288031,-644.8098230948129,-709.1771294920626,-849.6913586435289,-783.0310637868015,-649.448584297729,-791.298914981299
"Europe (R10)",1,"Mt CO2/yr","Emissions|CO2","SSP2021-SSP2-SPA2-26-Default","IMAGE 3.2",1079,"ANNUAL",3934.081144054747,,,,,3718.153915743288,3351.354314472963,2962.083036056227,2551.166473620596,1957.231178461621,1317.621249000806,817.9951986420715,458.3477122405612,126.3986066297362,-37.31370862664244,-139.3188915379339,-218.2157968083713,-344.6166475132471,-485.537980153593,-498.6085331893252,-504.8605196984618
"Europe (R10)",1,"Mt CO2/yr","Emissions|CO2","SSP2021-SSP2-SPA2-26-Lifestyle","IMAGE 3.2",1080,"ANNUAL",3907.968452808883,,,,,3677.924871143276,3245.610206899059,2770.308916979548,2156.918541150673,1619.903943526984,856.3398145818367,339.1764053017285,-196.8102468033736,-366.6122983629996,-482.711217288349,-590.912292534188,-811.8476251704433,-886.9272773277407,-835.7295361324939,-629.8468056297686,-496.9277366454153
"Europe (R10)",1,"Mt CO2/yr","Emissions|CO2","SSP2021-SSP2-SPA2-26-Lifestyle-Renewables","IMAGE 3.2",1081,"ANNUAL",3907.970355071253,,,,,3536.978027665293,3062.281097690498,2646.819610836323,2019.2111665654,1563.919243001061,1137.024767661146,823.4519081864315,341.3476629567518,-21.33523623342558,-377.4041405067216,-566.9482416032579,-714.3276552213923,-922.245963816242,-957.2749259547412,-975.3174771559768,-1012.616834891505
"Europe (R10)",1,"Mt CO2/yr","Emissions|CO2","SSP2021-SSP2-SPA2-26-Renewables","IMAGE 3.2",1082,"ANNUAL",3936.306846976498,,,,,3765.752772355687,3369.86612477738,2886.27446773065,2333.95728831846,1686.856081798045,1263.278704440202,886.0161845694793,544.5405490098715,368.435609850999,134.4147122823205,-105.6643804010446,-200.7148361388523,-313.2830721822075,-424.1974554447523,-321.0823916091352,-250.4710191318602
"Europe (R10)",1,"Mt CO2/yr","Emissions|CO2","SSP2021-SSP2-SPA2-34-Default","IMAGE 3.2",1083,"ANNUAL",3934.081144054747,,,,,3723.317299227644,3399.205780338315,3205.395681036842,3001.972890491005,2718.47593205052,2277.979889123105,1770.730969907883,1559.149068338355,1173.437258509183,981.6219050981902,895.4315160929589,715.4858602538462,520.4102774139483,526.1569176198539,645.984753349538,710.3060277948792
"Europe (R10)",1,"Mt CO2/yr","Emissions|CO2","SSP2021-SSP2-SPA2-34-Lifestyle","IMAGE 3.2",1084,"ANNUAL",3907.968452808883,,,,,3679.401418384621,3262.945859569906,2862.533729813453,2591.459188061108,2145.417994376353,1797.791267558455,1619.15112319407,1371.09443168389,1189.040481675477,1121.931826375594,1104.234757841677,934.7980385676476,735.644298938235,573.460164758045,549.355116933855,543.2734394567372
"Europe (R10)",1,"Mt CO2/yr","Emissions|CO2","SSP2021-SSP2-SPA2-34-Lifestyle-Renewables","IMAGE 3.2",1085,"ANNUAL",3937.466108044312,,,,,3818.002380718184,3501.732686679016,3140.098455078757,2899.403798684806,2672.161494180098,2119.183670236598,1826.356590437028,1430.38403333316,1262.952130750393,1076.383972265822,990.7384555445756,742.4250984866826,563.084236196209,332.0652485195676,362.9439707132317,384.0943754068506
"Europe (R10)",1,"Mt CO2/yr","Emissions|CO2","SSP2021-SSP2-SPA2-34-Renewables","IMAGE 3.2",1086,"ANNUAL",3936.5392027301,,,,,3770.499700253254,3410.940389307481,3080.404119135831,2802.747162120029,2428.386403622455,2222.810979409431,2006.069442931393,1681.186892344404,1279.517674880317,928.668417697136,768.1361326280173,654.7525953252293,331.5157254838325,259.1208439108855,281.3146998343305,411.0479304369449
"Europe (R10)",1,"Mt CO2/yr","Emissions|CO2","SSP2021-SSP2-SPA2-45-Default","IMAGE 3.2",1087,"ANNUAL",3933.934809724492,,,,,3725.450210909966,3415.839498194645,3428.547506008301,3471.057251292113,3079.183370234353,3003.93907447149,2909.683736429881,2809.799715933334,2686.441330200277,2619.856496413299,2428.212234717817,2230.23494995047,1995.973549070612,1839.765106368423,1733.799972691798,1645.300964505042
"Europe (R10)",1,"Mt CO2/yr","Emissions|CO2","SSP2021-SSP2-SPA2-45-Lifestyle","IMAGE 3.2",1088,"ANNUAL",3906.895297087757,,,,,3679.923813200749,3269.812075594293,2949.695167809658,2686.339391316804,2520.580332667294,2340.854220285233,2347.324905608901,2166.348922926433,1990.758748553374,2021.111722494121,2057.485356835807,2006.434593383087,1891.436119251538,1685.283050690317,1510.914408503241,1344.449498616689
"Europe (R10)",1,"Mt CO2/yr","Emissions|CO2","SSP2021-SSP2-SPA2-45-Lifestyle-Renewables","IMAGE 3.2",1089,"ANNUAL",3906.897479094593,,,,,3698.981069265307,3308.767695409846,2945.259847272959,2677.524643187747,2503.326141584997,2354.361569936526,2277.320783186358,1861.019755214756,1825.412592735933,1859.806559413865,1859.597939978218,1745.978452205437,1756.575969855734,1639.000797420728,1324.141379158869,1239.004228068773
"Europe (R10)",1,"Mt CO2/yr","Emissions|CO2","SSP2021-SSP2-SPA2-45-Renewables","IMAGE 3.2",1090,"ANNUAL",3936.306846976498,,,,,3774.204915707693,3433.271327012962,3330.944493914467,3209.915624274558,2888.689082090408,2756.446319830664,2633.046839635527,2457.032236958393,2388.440264601083,2313.521815192416,2084.222969244651,2038.13974017552,1723.857574619605,1255.292335624371,1209.844825854615,1189.476211655986
"Europe (R10)",1,"Mt CO2/yr","Emissions|CO2","SSP2021-SSP3-Baseline","IMAGE 3.2",1091,"ANNUAL",3944.540621798209,,,,,3937.334040681832,3845.858215681655,3855.199666691617,3867.99999017911,3924.004664459917,3939.298070629928,3935.572713573925,3895.781301216792,3845.783971500333,3923.979823151322,3998.06147293833,4027.315190999258,3858.600184473503,3638.15208976759,3318.572347306897,3119.430598224665
"Europe (R10)",1,"Mt CO2/yr","Emissions|CO2","SSP2021-SSP4-Baseline","IMAGE 3.2",1092,"ANNUAL",3935.425931652525,,,,,3866.952906642231,3661.855565721893,3562.156875934184,3454.726440743753,3334.548329974365,3199.116173081356,3036.214592256,2813.416476187568,2672.440091693958,2711.193540183809,2668.830269102484,2597.912501253426,2361.784141755235,2195.944516699468,2008.32421130318,1832.063629316942
"Europe (R10)",1,"Mt CO2/yr","Emissions|CO2","SSP2021-SSP5-Baseline","IMAGE 3.2",1093,"ANNUAL",3935.845912019588,,,,,4020.735321410443,4186.502772393937,4531.139226689591,4981.665619349363,5543.910426325931,6092.945979354359,6385.169846161525,6475.449148130994,6476.517660093983,6450.08807431684,6180.811757967491,5989.057556696804,5679.104212959316,5368.707642089626,5123.79578191925,4983.241028285053
"Europe (R10)",1,"Mt CO2/yr","Emissions|CO2","COVID-Shift-GreenPush_max_GDP","MESSAGEix-GLOBIOM 1.2",1135,"ANNUAL",3792.981260809303,3886.660319162671,3934.510761546094,3983.644204025954,4019.413714454176,4048.068452115921,4209.21570445116,4396.006541363633,4455.027058539197,4658.592433227754,4879.420659526161,4937.306546297408,5105.402212121012,,5253.875554084083,,6018.72439923167,,6499.99927236917,,6961.79334134976
"Europe (R10)",1,"Mt CO2/yr","Emissions|CO2","COVID-Shift-NoPolicyNoCOVID","MESSAGEix-GLOBIOM 1.2",1137,"ANNUAL",4200.812718515924,4160.34267481041,4211.607451310517,4228.418197190816,4232.554562291,4299.890681497492,4387.144584975699,4412.05697024127,4392.547728317418,4540.459936380531,4730.259950888281,4677.371111144671,4749.7563372625,,4781.420574962453,,5340.327554511094,,5796.31973630452,,6378.68213507662
"Europe (R10)",1,"Mt CO2/yr","Emissions|CO2","COVID-Shift-Restore","MESSAGEix-GLOBIOM 1.2",1140,"ANNUAL",3724.962727822887,3869.99831686726,3871.430262212995,3856.592000511048,3864.611892484723,3891.103740245444,3959.447747993097,4094.618971822731,4265.830782721028,4342.014099557577,4570.56810380349,4528.543184977394,4666.498668979061,,4783.933243920372,,5191.434259438545,,5654.50094404184,,6231.26253449073
"Europe (R10)",1,"Mt CO2/yr","Emissions|CO2","COVID-Shift-SelfReliance","MESSAGEix-GLOBIOM 1.2",1143,"ANNUAL",3680.171926512897,3842.387782969698,3946.447479117253,3981.442586418625,4022.054032293661,4113.064406732154,4139.269448227611,4254.950584183838,4350.276690887702,4491.326144643882,4729.46202337317,4742.205540418678,4991.054928336184,,5190.773373325353,,5442.030106163942,,5908.878016864111,,6436.65951143866
"Europe (R10)",1,"Mt CO2/yr","Emissions|CO2","COVID-Shift-SelfReliance_max_GDP","MESSAGEix-GLOBIOM 1.2",1146,"ANNUAL",3834.887897139551,4036.53170238066,4230.078044673911,4317.396222281742,4381.833830347021,4499.484104057183,4676.528663516545,4869.973216821367,4960.83695346662,5191.801350567026,5247.103892810645,5209.293688526735,5070.348053978641,,5664.097718293027,,6486.37910218865,,7088.185321632571,,7610.89182299304
"Europe (R10)",1,"Mt CO2/yr","Emissions|CO2","COVID-Shift-SmartUse","MESSAGEix-GLOBIOM 1.2",1148,"ANNUAL",3708.523699822715,3806.024944868886,3849.790149666352,3847.904087251429,3853.835949786798,3890.11239426773,3910.019325920069,4024.523022574544,4149.490351666696,4235.037518493131,4520.942061464086,4527.364286498627,4782.375446905702,,4927.225305531456,,5158.535757179516,,5629.84178213253,,6263.54891082313
"Europe (R10)",1,"Mt CO2/yr","Emissions|CO2","LeastTotalCost-Base-brkLR15-SSP1-P50","REMIND 2.1",1186,"ANNUAL",3253.9008,,,,,3143.3586,3052.1655,2960.8587,2801.0159,2537.5792,2016.2266,1559.7415,1433.8806,,1185.2678,,913.7796,,646.1854,,466.6274
"Europe (R10)",1,"Mt CO2/yr","Emissions|CO2","LeastTotalCost-Base-brkLR15-SSP2-P50","REMIND 2.1",1187,"ANNUAL",3382.1882,,,,,3318.8104,3220.4868,3097.0376,2902.5934,2689.5046,2513.9963,2440.9033,2390.3098,,2104.0754,,1765.8278,,1399.6552,,1125.3093
"Europe (R10)",1,"Mt CO2/yr","Emissions|CO2","LeastTotalCost-Base-brkLR15-SSP5-P50","REMIND 2.1",1188,"ANNUAL",3635.8159,,,,,3768.113,4018.5121,4359.6149,4640.1377,4944.7786,5225.7223,5424.0162,5483.5072,,5539.9713,,5509.8076,,5137.7342,,4994.2655
"Europe (R10)",1,"Mt CO2/yr","Emissions|CO2","LeastTotalCost-Base-brkSR15-SSP1-P50","REMIND 2.1",1189,"ANNUAL",3271.3848,,,,,3150.468,3051.8944,2966.3901,2828.9551,2611.8142,2204.6332,1842.724,1710.889,,1471.738,,1186.0808,,837.5698,,601.1294
"Europe (R10)",1,"Mt CO2/yr","Emissions|CO2","LeastTotalCost-Base-brkSR15-SSP2-P50","REMIND 2.1",1190,"ANNUAL",3392.054,,,,,3346.8979,3256.8732,3157.6918,3022.2623,2878.676,2749.375,2699.2612,2662.262,,2401.5138,,2069.5508,,1627.4897,,1357.4717
"Europe (R10)",1,"Mt CO2/yr","Emissions|CO2","LeastTotalCost-Base-brkSR15-SSP5-P50","REMIND 2.1",1191,"ANNUAL",3640.1141,,,,,3784.4342,4060.2908,4443.0662,4793.5859,5219.5125,5648.29,5961.578,6118.9652,,6432.1765,,6698.9868,,6520.8085,,6590.5231
"Europe (R10)",1,"Mt CO2/yr","Emissions|CO2","R2p1-SSP1-Baseline","REMIND 2.1",1213,"ANNUAL",3187.3433,,,,,3035.2141,2878.6278,2716.5553,2469.6337,2156.5067,1754.2152,1445.2546,1325.865,,1142.0369,,970.2273,,782.8916,,610.1391
"Europe (R10)",1,"Mt CO2/yr","Emissions|CO2","R2p1-SSP2-Baseline","REMIND 2.1",1219,"ANNUAL",3267.891,,,,,3206.225,3093.8723,2972.3439,2768.8498,2550.5801,2381.2107,2309.9318,2272.1522,,2102.153,,1873.8164,,1551.355,,1289.4668
"Europe (R10)",1,"Mt CO2/yr","Emissions|CO2","R2p1-SSP5-Baseline","REMIND 2.1",1225,"ANNUAL",3395.4928,,,,,3594.9608,3899.3772,4305.9525,4659.872,5028.6933,5373.6589,5643.4345,5796.8229,,6114.4337,,6358.2456,,5988.8721,,5762.1588
"Europe (R10)",1,"Mt CO2/yr","Emissions|CO2","PEP-NPi","REMIND-MAgPIE 1.7-3.0",1252,"ANNUAL",3388.6216,,,,,3170.1993,2962.7801,2837.251,2775.912,2701.11,2646.7336,2594.3084,2529.0756,,2434.2705,,2380.9536,,2167.0709,,2008.8483
"Europe (R10)",1,"Mt CO2/yr","Emissions|CO2","PEP-NoPolicy","REMIND-MAgPIE 1.7-3.0",1254,"ANNUAL",3617.6241,,,,,3611.1511,3661.1706,3659.1155,3655.4251,3602.8599,3560.6141,3560.9878,3479.8117,,3333.8027,,3153.7345,,2725.8087,,2578.9695
"Europe (R10)",1,"Mt CO2/yr","Emissions|CO2","DeepElectrification-SSP2-Baseline","REMIND-MAgPIE 2.1-4.3",1263,"ANNUAL",3268.3325,,,,,3158.8699,3006.5429,2769.4367,2519.8606,2275.4762,2068.7762,1903.5084,1725.8717,,1472.0731,,1243.0786,,1026.0499,,904.5825
"Europe (R10)",1,"Mt CO2/yr","Emissions|CO2","DeepElectrification-SSP2-NPi","REMIND-MAgPIE 2.1-4.3",1270,"ANNUAL",3158.8936,,,,,2830.155,2472.8238,2318.5048,2171.8945,1927.242,1752.0841,1622.3151,1530.1155,,1325.5033,,1082.8663,,912.7636,,779.1219
"Europe (R10)",1,"Mt CO2/yr","Emissions|CO2","Diff-NoPolicy-Baseline","REMIND-MAgPIE 2.0-4.1",1383,"ANNUAL",3483.5381,,,,,3515.6285,3453.6463,3261.2141,3008.624,2840.0913,2685.8674,2548.1848,2399.3694,,2245.1648,,2158.1311,,2045.9602,,1903.404
"Europe (R10)",1,"Mt CO2/yr","Emissions|CO2","NGFS Phase 2-Current Policies","GCAM 5.3",1384,"ANNUAL",4477.6783902,,,,,4393.639634900001,4228.173618,4194.1164322,3974.8838442,3863.4954679,3686.6616929,3693.1133518,3631.281216,3590.5504745,3611.1278658,3616.8841913,3590.7630902,3536.2192473,3511.8018979,3510.5025539,3503.4997669
"Europe (R10)",1,"Mt CO2/yr","Emissions|CO2","NGFS Phase 2-Delayed Transition","GCAM 5.3",1385,"ANNUAL",4477.6783902,,,,,4393.639634900001,4228.173618,2674.11843357,1619.98858307,521.508985329,-527.6994152699999,-664.8771098699999,-788.5868199369999,-764.9850784500001,-796.60616975,-882.73649912,-983.55113497,-1091.83478129,-894.28053395,-725.77482143,-540.83952297
"Europe (R10)",1,"Mt CO2/yr","Emissions|CO2","NGFS Phase 2-Nationally Determined Contributions (NDCs)","GCAM 5.3",1387,"ANNUAL",4543.3290624,,,,,4145.9830662,3353.0384361,2760.50099006,2255.48128282,1768.43134803,1321.64942968,969.12072933,594.42805996,272.42389703,-22.64103313000001,-103.46581397,-157.41633203,-195.50259003,-226.07545843,-237.75726361,-229.74323759
"Europe (R10)",1,"Mt CO2/yr","Emissions|CO2","NGFS Phase 2-Current Policies","REMIND-MAgPIE 2.1-4.2",1394,"ANNUAL",2897.3763,,,,,2627.4279,2398.7336,2210.712,1968.0929,1658.4666,1446.8771,1316.1467,1262.0024,,1104.209,,922.335,,761.3727,,676.9739
"Europe (R10)",1,"Mt CO2/yr","Emissions|CO2","NGFS Phase 2-Current Policies [IPD 95th]","REMIND-MAgPIE 2.1-4.2",1395,"ANNUAL",2900.7476,,,,,2624.6776,2400.6601,2205.8339,1954.7753,1641.6072,1431.6436,1304.3338,1252.4507,,1097.27,,919.0125,,765.6699,,679.086
"Europe (R10)",1,"Mt CO2/yr","Emissions|CO2","NGFS Phase 2-Current Policies [IPD Median]","REMIND-MAgPIE 2.1-4.2",1396,"ANNUAL",2901.2973,,,,,2627.0149,2399.3852,2208.3599,1962.0328,1651.4845,1442.0459,1313.8448,1260.8233,,1105.6003,,928.4581,,772.9306,,685.7856
"Europe (R10)",1,"Mt CO2/yr","Emissions|CO2","NGFS Phase 2-Delayed Transition","REMIND-MAgPIE 2.1-4.2",1397,"ANNUAL",2897.3763,,,,,2627.4279,2398.7336,1425.1856,434.3721,-177.3769,-521.4833,-604.721,-608.8204,,-606.2139,,-594.9253,,-555.8783,,-573.5421
"Europe (R10)",1,"Mt CO2/yr","Emissions|CO2","NGFS Phase 2-Nationally Determined Contributions (NDCs)","REMIND-MAgPIE 2.1-4.2",1399,"ANNUAL",2897.3763,,,,,2298.7467,1670.1988,1139.0812,744.4456,396.5937,172.1445,53.2359,-8.0646,,-54.5399,,-17.1337,,-16.9086,,-10.0095
"Europe (R10)",1,"Mt CO2/yr","Emissions|CO2","NGFS Phase 2-Below 2°C","GCAM 5.3",1403,"ANNUAL",4476.9360109,,,,,3992.5330432,3353.9301078,2619.81661357,1987.85548845,1337.51036588,932.6602979,511.194036167,122.90685216,-197.274764809,-212.044398931,-219.317176766,-172.888357736,-135.845031272,-89.257527807,-25.848865852,2.329385961999998
"Europe (R10)",1,"Mt CO2/yr","Emissions|CO2","SHAPE-SSP2-NPi [with Climate Change Impacts]","REMIND-MAgPIE 3.2-4.6",1432,"ANNUAL",3748.1846,,,,,3315.7476,2802.409,2562.1147,2323.4466,2125.522,1959.2217,1786.4964,1562.9696,,1323.8619,,1111.1294,,950.5135,,854.1222
"Europe (R10)",1,"Mt CO2/yr","Emissions|CO2","Rescuing-1.5°C-Highest-Possible-Ambition","REMIND 3.5",1434,"ANNUAL",4528.1660261,,,,,3853.7041826,2626.2150497,1087.111272,79.506723,-159.2068019,-131.3222979,-114.174907,-119.8778665,,-201.9018898,,-210.2041089,,-230.1715365,,-216.2713069
"Europe (R10)",1,"Mt CO2/yr","Emissions|CO2","RESCUE-End-of-Century-Budget-1150","REMIND-MAgPIE 3.2.0-4.8.0",1435,"ANNUAL",4315.695148199999,,,,,3641.6639064,3183.8532836000004,2672.3262089,2099.5195146,1655.2127748999997,1336.7832107,1221.2545734,829.9603999999999,,308.50005,,-267.74875879999996,,-752.8967858000001,,-847.4672435
"Europe (R10)",1,"Mt CO2/yr","Emissions|CO2","RESCUE-End-of-Century-Budget-1150-with-OAE","REMIND-MAgPIE 3.2.0-4.8.0",1436,"ANNUAL",4315.695148199999,,,,,3641.6639064,3183.8532836000004,2675.6190282000007,2105.3602647,1660.8135508,1313.9628335,1136.7040402999999,797.7158978000001,,273.3876518,,-234.8729123999999,,-871.8981699999999,,-998.7362080999999
"Europe (R10)",1,"Mt CO2/yr","Emissions|CO2","RESCUE-End-of-Century-Budget-500","REMIND-MAgPIE 3.2.0-4.8.0",1437,"ANNUAL",4315.695148199999,,,,,3641.6639064,3183.8532836000004,2578.8922829000003,1828.5045688,1121.6727259,648.0609973,490.0124455,115.26747740000002,,-437.4311782,,-873.2862820999999,,-942.7447999999999,,-958.4889656999999
"Europe (R10)",1,"Mt CO2/yr","Emissions|CO2","RESCUE-End-of-Century-Budget-500-with-OAE","REMIND-MAgPIE 3.2.0-4.8.0",1438,"ANNUAL",4315.695148199999,,,,,3641.6639064,3183.8532836000004,2580.8362272000004,1919.3730928999998,1172.0257666999998,726.4096862,514.1592197,167.4162265,,-365.75899069999997,,-936.3191022000001,,-1046.0523833,,-1109.7542336
"Europe (R10)",1,"Mt CO2/yr","Emissions|CO2","RESCUE-Peak-Budget-1150","REMIND-MAgPIE 3.2.0-4.8.0",1439,"ANNUAL",4315.695148199999,,,,,3596.2705866,2930.2223031999997,2035.7507587999999,1498.2255418,1084.174278,830.3767755000001,747.8975,475.20603489999985,,226.77949139999998,,-1.3163548999999932,,-43.19077320000002,,23.313409399999998
"Europe (R10)",1,"Mt CO2/yr","Emissions|CO2","RESCUE-Peak-Budget-1150-with-OAE","REMIND-MAgPIE 3.2.0-4.8.0",1440,"ANNUAL",4315.695148199999,,,,,3584.125717800001,2917.8115869,2028.9511381999998,1489.4823127,1150.5555400999997,818.8794154,714.5101058,452.7120635,,218.2881597,,-3.8905565000000095,,-49.603365600000025,,45.76585200000001
"Europe (R10)",1,"Mt CO2/yr","Emissions|CO2","ENGAGE-INDCi2030-1000","TIAM-ECN 1.1",1449,"ANNUAL",4896.488102688926,,,,,4687.491424963353,4478.494747237781,3135.416165961735,1792.337584685689,1031.4116593843714,270.4857340830536,,-555.7937575709784,,-860.6737984349837,,-1068.95859969075,,-1184.15715477437,,-1095.099153117022
"Europe (R10)",1,"Mt CO2/yr","Emissions|CO2","ENGAGE-INDCi2030-1000-COV","TIAM-ECN 1.1",1450,"ANNUAL",4854.208163601311,,,,,4670.884886906,4487.56161021069,3129.940016482708,1772.318422754726,1061.7599832407,351.2015437266737,,-551.8837266609538,,-893.2045884267632,,-1118.525376517529,,-1197.571344408394,,-1221.067173003497
"Europe (R10)",1,"Mt CO2/yr","Emissions|CO2","ENGAGE-INDCi2030-1000-NDCp","TIAM-ECN 1.1",1451,"ANNUAL",4879.626585996594,,,,,4449.295658333256,4018.964730669917,2893.3315811013,1767.698431532683,1015.430068262249,263.1617049918152,,-554.3840489918758,,-890.2390144747558,,-1075.338200358091,,-1108.323769952742,,-1092.594716196429
"Europe (R10)",1,"Mt CO2/yr","Emissions|CO2","ENGAGE-INDCi2030-1000f","TIAM-ECN 1.1",1452,"ANNUAL",4896.488102688926,,,,,4687.491424963353,4478.494747237781,3528.6703326556744,2578.845918073568,1872.5823508067986,1166.318783540029,,-194.7660073563493,,-941.0311829621472,,-1833.914286991164,,-2259.809998576298,,-2321.595344078478
"Europe (R10)",1,"Mt CO2/yr","Emissions|CO2","ENGAGE-INDCi2030-1000f-COV","TIAM-ECN 1.1",1453,"ANNUAL",4854.208163601311,,,,,4670.884886906,4487.56161021069,3558.5167806010472,2629.471950991405,1905.0621911762269,1180.652431361049,,-200.4865077034366,,-841.7427489996091,,-1731.104408143866,,-2237.20849170551,,-2345.208304305871
"Europe (R10)",1,"Mt CO2/yr","Emissions|CO2","ENGAGE-INDCi2030-1000f-NDCp","TIAM-ECN 1.1",1454,"ANNUAL",4879.626585996594,,,,,4449.295658333256,4018.964730669917,3214.777009092672,2410.589287515427,1753.5953648058874,1096.601442096348,,-209.5033807210187,,-1053.374868413259,,-1793.891903486468,,-2247.731913395478,,-2341.248429583963
"Europe (R10)",1,"Mt CO2/yr","Emissions|CO2","ENGAGE-INDCi2030-1200","TIAM-ECN 1.1",1455,"ANNUAL",4896.488102688926,,,,,4687.491424963353,4478.494747237781,3545.014912280639,2611.535077323497,1960.0245798799344,1308.514082436372,,-134.616030362261,,-778.7459289480596,,-1066.29928406296,,-1176.387156420923,,-995.4102825606792
"Europe (R10)",1,"Mt CO2/yr","Emissions|CO2","ENGAGE-INDCi2030-1200f","TIAM-ECN 1.1",1456,"ANNUAL",4896.488102688926,,,,,4687.491424963353,4478.494747237781,3750.2295016157395,3021.964255993698,2608.1684949842747,2194.372733974851,,125.0142365228526,,-692.233270980096,,-1537.216436993949,,-2085.636450892763,,-2203.788013442799
"Europe (R10)",1,"Mt CO2/yr","Emissions|CO2","ENGAGE-INDCi2030-1400","TIAM-ECN 1.1",1457,"ANNUAL",4896.488102688926,,,,,4687.491424963353,4478.494747237781,3825.884287747004,3173.273828256227,2749.2114667465567,2325.149105236886,,491.3406250734934,,-591.8363791593821,,-1021.156103646345,,-1168.235816068847,,-945.0444123377168
"Europe (R10)",1,"Mt CO2/yr","Emissions|CO2","ENGAGE-INDCi2030-1400f","TIAM-ECN 1.1",1458,"ANNUAL",4896.488102688926,,,,,4687.491424963353,4478.494747237781,3838.529835921291,3198.564924604802,2809.7660204811173,2420.967116357432,,873.6871155425326,,-376.6415161255919,,-1137.600821123398,,-1833.150505436499,,-1993.664678499594
"Europe (R10)",1,"Mt CO2/yr","Emissions|CO2","ENGAGE-INDCi2030-1600","TIAM-ECN 1.1",1459,"ANNUAL",4896.488102688926,,,,,4687.491424963353,4478.494747237781,4056.1469055846082,3633.799063931436,3229.4907402046397,2825.182416477843,,1134.547182075434,,-275.7157291900074,,-943.9230834316556,,-1163.309042065211,,-947.6045065850506
"Europe (R10)",1,"Mt CO2/yr","Emissions|CO2","ENGAGE-INDCi2030-1600f","TIAM-ECN 1.1",1460,"ANNUAL",4896.488102688926,,,,,4687.491424963353,4478.494747237781,4089.753380816465,3701.012014395149,3299.2565632261426,2897.501112057136,,1483.905961821497,,-141.3158101954855,,-929.0245461974494,,-1687.110539217065,,-1791.081178195464
"Europe (R10)",1,"Mt CO2/yr","Emissions|CO2","ENGAGE-INDCi2030-2000","TIAM-ECN 1.1",1461,"ANNUAL",4911.981849823228,,,,,4709.713570846648,4507.445291870067,4213.417266249713,3919.389240629358,3554.749193381075,3190.109146132792,,2476.220025497732,,1400.240404092498,,-99.10254007828352,,-1085.566150644012,,-1025.911969214889
"Europe (R10)",1,"Mt CO2/yr","Emissions|CO2","ENGAGE-INDCi2030-2000f","TIAM-ECN 1.1",1462,"ANNUAL",4911.97844637916,,,,,4709.70749955418,4507.436552729199,4213.424624003017,3919.412695276834,3554.774407112816,3190.136118948798,,2476.226087727027,,1400.25734580909,,-99.10314010611452,,-1085.575909218633,,-1026.01536993084
"Europe (R10)",1,"Mt CO2/yr","Emissions|CO2","ENGAGE-INDCi2030-2500","TIAM-ECN 1.1",1463,"ANNUAL",4896.488102688926,,,,,4687.491424963353,4478.494747237781,4392.781041635862,4307.067336033942,4043.201453104096,3779.335570174249,,3037.047781234218,,2457.080032135179,,1143.097157922858,,-188.2432085383756,,88.4308440843168
"Europe (R10)",1,"Mt CO2/yr","Emissions|CO2","ENGAGE-INDCi2030-2500f","TIAM-ECN 1.1",1464,"ANNUAL",4896.488102688926,,,,,4687.491424963353,4478.494747237781,4392.978902004279,4307.463056770776,4043.5944434746134,3779.725830178451,,3037.04202240382,,2457.165233466639,,1143.035031235707,,-188.1778779624653,,89.22223787343376
"Europe (R10)",1,"Mt CO2/yr","Emissions|CO2","ENGAGE-INDCi2030-3000","TIAM-ECN 1.1",1465,"ANNUAL",4896.488102688926,,,,,4687.491424963353,4478.494747237781,4474.999235774166,4471.503724310551,4254.931857130737,4038.359989950922,,3514.267849403024,,3277.278734499284,,2628.682887736617,,1344.418364529483,,1446.632115097494
"Europe (R10)",1,"Mt CO2/yr","Emissions|CO2","ENGAGE-INDCi2030-3000f","TIAM-ECN 1.1",1466,"ANNUAL",4896.4881025,,,,,,4478.494747,,4471.4560779,,4035.568345,,3514.6856035,,3272.0904393,,2623.3031758,,1282.46764829,,1412.43740856
"Europe (R10)",1,"Mt CO2/yr","Emissions|CO2","ENGAGE-INDCi2030-900","TIAM-ECN 1.1",1467,"ANNUAL",4896.488102688926,,,,,,4478.494747237781,,1395.917389594534,,135.5625133079876,,-946.5689964123098,,-1249.093874599468,,-1204.471760143424,,-1173.297826454921,,-1133.690468530235
"Europe (R10)",1,"Mt CO2/yr","Emissions|CO2","ENGAGE-INDCi2030-900f","TIAM-ECN 1.1",1468,"ANNUAL",4896.488102688926,,,,,,4478.494747237781,,2147.22443302044,,666.4825900957422,,-359.9632033298299,,-1200.734037890261,,-1849.046058975788,,-2304.900083683878,,-2402.948508804998
"Europe (R10)",1,"Mt CO2/yr","Emissions|CO2","ENGAGE-INDCi2100","TIAM-ECN 1.1",1469,"ANNUAL",4896.488102688926,,,,,,4478.494747237781,,4659.998463034615,,4347.963433320154,,4009.674223445712,,4086.038266527346,,4086.705115280432,,3982.489083803437,,4014.769384545273
"Europe (R10)",1,"Mt CO2/yr","Emissions|CO2","ENGAGE-INDCi2100-COV","TIAM-ECN 1.1",1470,"ANNUAL",4854.2081633,,,,,,4487.561610000001,,4578.227948,,4242.2504582,,3875.8142338,,4042.3168843,,4009.9980304,,3952.6702065,,3938.6460914
"Europe (R10)",1,"Mt CO2/yr","Emissions|CO2","ENGAGE-INDCi2100-NDCp","TIAM-ECN 1.1",1471,"ANNUAL",4879.626585996594,,,,,,4018.964730669917,,4372.448647444797,,4029.529492466756,,3991.188544948204,,4091.191769755823,,4053.659430972805,,3958.491049330571,,3982.440058742154
"Europe (R10)",1,"Mt CO2/yr","Emissions|CO2","ENGAGE-NPi2020-1000","TIAM-ECN 1.1",1472,"ANNUAL",4893.651764648611,,,,,,3220.932805179886,,2112.685738572361,,581.4781461616593,,-375.0343508796159,,-839.855515791817,,-1064.751183217934,,-1207.233479379646,,-1157.069989721759
"Europe (R10)",1,"Mt CO2/yr","Emissions|CO2","ENGAGE-NPi2020-1000-COV","TIAM-ECN 1.1",1473,"ANNUAL",4816.27916222693,,,,,,3419.735928581499,,2268.937210582189,,707.9943110512646,,-328.0831459400277,,-836.9269931743659,,-1075.71069487932,,-1096.457985586816,,-1072.488490504809
"Europe (R10)",1,"Mt CO2/yr","Emissions|CO2","ENGAGE-NPi2020-1000f","TIAM-ECN 1.1",1474,"ANNUAL",4920.004712693792,,,,,,3921.202048613569,,2743.026776421571,,1395.265543539154,,-120.7059849705873,,-805.18325240802,,-1776.27540182512,,-2178.05726543199,,-2288.973836046423
"Europe (R10)",1,"Mt CO2/yr","Emissions|CO2","ENGAGE-NPi2020-1000f-COV","TIAM-ECN 1.1",1475,"ANNUAL",4822.676791758726,,,,,,3897.46942045731,,2683.664435646202,,1491.684029601222,,-166.465938539126,,-837.8410684006976,,-1778.761085101491,,-2179.617189527836,,-2290.582093600508
"Europe (R10)",1,"Mt CO2/yr","Emissions|CO2","ENGAGE-NPi2020-1200","TIAM-ECN 1.1",1476,"ANNUAL",4919.718763797506,,,,,,3945.182732070744,,2762.973471217285,,1721.680461768161,,-77.6801674632735,,-769.887334856501,,-1056.379002024697,,-1141.962556848413,,-1016.386541713529
"Europe (R10)",1,"Mt CO2/yr","Emissions|CO2","ENGAGE-NPi2020-1200f","TIAM-ECN 1.1",1477,"ANNUAL",4914.919973471823,,,,,,4138.025618647082,,2988.679479081703,,2192.951025244012,,113.2971648807532,,-695.2317380056206,,-1474.76229308883,,-1961.557776554471,,-2078.700614716095
"Europe (R10)",1,"Mt CO2/yr","Emissions|CO2","ENGAGE-NPi2020-1400","TIAM-ECN 1.1",1478,"ANNUAL",4911.207502091936,,,,,,4202.178558832182,,3057.309992698713,,2270.716627264523,,476.590710867453,,-605.7273761948427,,-998.5396276485052,,-1117.679193369896,,-812.162332288469
"Europe (R10)",1,"Mt CO2/yr","Emissions|CO2","ENGAGE-NPi2020-1400f","TIAM-ECN 1.1",1479,"ANNUAL",4915.848535138235,,,,,,4356.318494645942,,3244.418993602851,,2450.956282713505,,839.5184804071955,,-392.6677117241463,,-1133.650686285173,,-1847.612469323769,,-1986.534587320751
"Europe (R10)",1,"Mt CO2/yr","Emissions|CO2","ENGAGE-NPi2020-1600","TIAM-ECN 1.1",1480,"ANNUAL",4917.510603188332,,,,,,4394.660567146007,,3642.712333978161,,2744.251869521078,,1059.008165889074,,-269.7481210170027,,-953.197993975038,,-1121.952650901703,,-968.726918265887
"Europe (R10)",1,"Mt CO2/yr","Emissions|CO2","ENGAGE-NPi2020-1600f","TIAM-ECN 1.1",1481,"ANNUAL",4916.187975495292,,,,,,4395.778725500726,,3687.384224445684,,2779.573442838825,,1293.49610568281,,-212.185366141237,,-951.9687096076782,,-1717.805254072872,,-1430.170215453586
"Europe (R10)",1,"Mt CO2/yr","Emissions|CO2","ENGAGE-NPi2020-2000","TIAM-ECN 1.1",1482,"ANNUAL",4904.288478088176,,,,,,4508.106881195386,,4213.960880569541,,3267.194073309623,,2284.330531307875,,1070.237634534132,,-449.7817036743592,,-1130.997814948173,,-1170.422838933448
"Europe (R10)",1,"Mt CO2/yr","Emissions|CO2","ENGAGE-NPi2020-2000f","TIAM-ECN 1.1",1483,"ANNUAL",4901.793310621956,,,,,,4517.439579905262,,4244.8724121393,,3279.517843545528,,2337.496403432416,,1110.659619235441,,-438.1057952104944,,-1197.69761424424,,-1201.273347927525
"Europe (R10)",1,"Mt CO2/yr","Emissions|CO2","ENGAGE-NPi2020-2500","TIAM-ECN 1.1",1484,"ANNUAL",4907.611950787041,,,,,,4692.358736637932,,4555.301465360525,,3789.369559474889,,2982.075306522925,,2234.440961339345,,1072.822081662964,,-253.9545598280726,,-11.05391773376996
"Europe (R10)",1,"Mt CO2/yr","Emissions|CO2","ENGAGE-NPi2020-2500f","TIAM-ECN 1.1",1485,"ANNUAL",4907.619149730851,,,,,,4692.358784029808,,4555.323003269392,,3789.307850519735,,2982.050357869115,,2234.324374430082,,1072.879323270221,,-254.0564918110234,,-11.5469021859104
"Europe (R10)",1,"Mt CO2/yr","Emissions|CO2","ENGAGE-NPi2020-3000","TIAM-ECN 1.1",1486,"ANNUAL",4916.734414108452,,,,,,4738.715246298269,,4681.84920785469,,4074.159350680961,,3535.869493114001,,3092.266783827462,,2524.211951497994,,973.3580751287848,,1101.187149795226
"Europe (R10)",1,"Mt CO2/yr","Emissions|CO2","ENGAGE-NPi2020-3000f","TIAM-ECN 1.1",1487,"ANNUAL",4916.336244158711,,,,,,4738.694576770422,,4681.847670738626,,4074.185410029127,,3535.865883931352,,3092.283923063338,,2524.233303533746,,973.2321845527688,,1101.154948312464
"Europe (R10)",1,"Mt CO2/yr","Emissions|CO2","ENGAGE-NPi2020-800","TIAM-ECN 1.1",1488,"ANNUAL",4748.0229021,,,,,,2627.2178274,,1563.0370262,,125.2117,,-573.8340000000001,,-998.314,,-1087.996,,-1182.69,,-1149.52455
"Europe (R10)",1,"Mt CO2/yr","Emissions|CO2","ENGAGE-NPi2020-800f","TIAM-ECN 1.1",1489,"ANNUAL",4895.4465108,,,,,,3210.3200604,,2110.8603428,,603.416078,,-347.28044,,-1200.026,,-1883.926,,-2294.334,,-2358.09566
"Europe (R10)",1,"Mt CO2/yr","Emissions|CO2","ENGAGE-NPi2020-900","TIAM-ECN 1.1",1490,"ANNUAL",4829.250961792719,,,,,,2920.299522528388,,1831.614653510514,,354.3832398845094,,-513.4499484058401,,-851.1868895640872,,-1070.607103979506,,-1143.176214763402,,-1111.105697045542
"Europe (R10)",1,"Mt CO2/yr","Emissions|CO2","ENGAGE-NPi2020-900f","TIAM-ECN 1.1",1491,"ANNUAL",4913.871840679288,,,,,,3704.154711106981,,2487.4357714836,,907.1875712777176,,-244.4761387912977,,-1123.018076366817,,-1871.495171100312,,-2248.310767737011,,-2293.809472476813
"Europe (R10)",1,"Mt CO2/yr","Emissions|CO2","ENGAGE-NPi2100","TIAM-ECN 1.1",1492,"ANNUAL",4911.78991553655,,,,,,4772.877791236956,,4790.263349815816,,4337.518787360711,,4092.740110532785,,4107.220073384823,,4118.920345683563,,4018.500979913423,,4147.693797323364
"Europe (R10)",1,"Mt CO2/yr","Emissions|CO2","ENGAGE-NPi2100-COV","TIAM-ECN 1.1",1493,"ANNUAL",4825.129316385714,,,,,,4647.753992871995,,4671.653342242266,,4217.096774654541,,3931.657948753069,,4021.973314675114,,4024.221802464523,,3967.164938165017,,4040.431912804728
"Europe (R10)",1,"Mt CO2/yr","Emissions|CO2","ENGAGE-INDCi2030-1000","WITCH 5.0",1494,"ANNUAL",2798.37606178789,,,,,2732.67651300657,1939.83616547653,1633.55380436931,1286.34859679364,938.2370894372708,540.120257184024,309.796183945598,155.350149505652,25.85355849257411,-78.7078617023248,-166.577111523321,-67.9138459871381,25.6036689192856,117.289738119271,187.367978831813,212.373431271263
"Europe (R10)",1,"Mt CO2/yr","Emissions|CO2","ENGAGE-INDCi2030-1000-NDCp","WITCH 5.0",1495,"ANNUAL",2797.60966022704,,,,,2732.54945835771,1943.21489202513,1651.03540329937,1310.87815431658,975.522864303085,570.467837462835,365.978585279926,147.713959609318,20.4233077062641,-74.8370739945818,-162.915483964617,-63.9838084344548,53.1486181006764,155.309028529547,248.38021066798,234.349776139511
"Europe (R10)",1,"Mt CO2/yr","Emissions|CO2","ENGAGE-INDCi2030-1000f","WITCH 5.0",1496,"ANNUAL",2798.37606178789,,,,,2732.67651300657,1939.83616547653,1720.35036134877,1392.56078726226,1077.28742242297,662.330847373132,466.15223183179,256.941603922002,158.94640510773,99.1553949823016,24.8763568150472,-72.26305805513009,-131.96020105951,-252.7243778492191,-412.662690795404,-516.2017288936711
"Europe (R10)",1,"Mt CO2/yr","Emissions|CO2","ENGAGE-INDCi2030-1000f-NDCp","WITCH 5.0",1497,"ANNUAL",2797.60966022704,,,,,2732.54945835771,1943.21489202513,1757.23206419627,1431.19234963235,1118.85189973871,701.3522198355901,506.390383974992,297.125499405397,195.666510464761,129.220601772054,68.36071447386,-30.0308468146789,-89.27846276929121,-149.983118953859,-254.42137808538,-391.31023827794
"Europe (R10)",1,"Mt CO2/yr","Emissions|CO2","ENGAGE-INDCi2030-1200","WITCH 5.0",1498,"ANNUAL",2798.37606178789,,,,,2732.67651300657,1939.83616547653,1844.79928831089,1471.62491484232,1164.89569344194,788.099255319941,553.150724783895,321.62368525533,210.619386165965,160.107096886166,103.619609205666,13.4920868880843,-28.0927646844487,85.0309605001581,192.083341035964,216.97743190023
"Europe (R10)",1,"Mt CO2/yr","Emissions|CO2","ENGAGE-INDCi2030-1200-NDCp","WITCH 5.0",1499,"ANNUAL",2797.60966022704,,,,,2732.54945835771,1943.21489202513,1867.63618999618,1500.74187497112,1204.66872214966,837.6030913515871,604.247544816225,377.181481156466,239.292207545151,182.757031327863,134.95542429683,77.9874491386039,61.3270872765582,95.578915946119,205.346683404761,240.407520973889
"Europe (R10)",1,"Mt CO2/yr","Emissions|CO2","ENGAGE-INDCi2030-1200f","WITCH 5.0",1500,"ANNUAL",2798.37606178789,,,,,2732.67651300657,1939.83616547653,1903.94164795992,1539.18912154832,1245.89556746259,1011.52258981199,749.438324753125,523.813408794987,298.111499097417,266.697286331998,206.285477359113,146.243906031587,74.584762646136,-42.6445918124309,-88.4416439370271,-159.015714810577
"Europe (R10)",1,"Mt CO2/yr","Emissions|CO2","ENGAGE-INDCi2030-1200f-NDCp","WITCH 5.0",1501,"ANNUAL",2797.60966022704,,,,,2732.54945835771,1943.21489202513,1934.7677753493,1576.38771859601,1286.42894022104,1049.07755693596,785.890144726807,556.998235082845,330.780391674467,288.81035192772,240.999616732834,183.274151115014,121.695604409586,14.7416325002181,-63.06580476663589,-135.910472443707
"Europe (R10)",1,"Mt CO2/yr","Emissions|CO2","ENGAGE-INDCi2030-1400","WITCH 5.0",1502,"ANNUAL",2798.37606178789,,,,,2732.67651300657,1939.83616547653,2012.9443451264,1687.23018685205,1487.27260541464,1209.56523349645,951.0330000268672,707.9012090027451,464.743456436387,396.484725291099,343.717885635188,280.204566801012,239.668475897415,167.653379204812,93.94225200046628,138.772574382406
"Europe (R10)",1,"Mt CO2/yr","Emissions|CO2","ENGAGE-INDCi2030-1400-NDCp","WITCH 5.0",1503,"ANNUAL",2797.60966022704,,,,,2732.54945835771,1943.21489202513,2048.51711410554,1724.39066288676,1529.30479942996,1308.47776670016,1056.03662731318,820.315377354035,577.981205933637,442.929873644487,395.23426979885,351.254257672742,307.116805943132,233.7514983723,162.645534865233,170.348851539101
"Europe (R10)",1,"Mt CO2/yr","Emissions|CO2","ENGAGE-INDCi2030-1400f","WITCH 5.0",1504,"ANNUAL",2798.37606178789,,,,,2732.67651300657,1939.83616547653,2036.46667436533,1710.78749515048,1510.54977146911,1264.16981021301,1012.58747345098,767.840159164123,524.479065726021,414.841500344787,362.239046215452,313.242986812601,268.925504030859,210.820309007083,149.358634651774,33.755005373232
"Europe (R10)",1,"Mt CO2/yr","Emissions|CO2","ENGAGE-INDCi2030-1400f-NDCp","WITCH 5.0",1505,"ANNUAL",2797.60966022704,,,,,2732.54945835771,1943.21489202513,2088.82235088771,1766.8722831832,1568.09471799455,1324.90765253928,1076.78517477864,833.31172066087,599.875151750027,444.643482081705,408.387059040907,359.705598736422,313.846955243543,251.693149676688,193.490967036674,80.7488322005663
"Europe (R10)",1,"Mt CO2/yr","Emissions|CO2","ENGAGE-INDCi2030-1600","WITCH 5.0",1506,"ANNUAL",2798.37606178789,,,,,2732.67651300657,1939.83616547653,2143.80771409479,1907.85399730211,1684.29727372144,1489.53297981499,1242.28014963187,995.855050235264,752.707685668167,541.891774921564,498.565233887782,465.476607872836,408.377798805871,375.693602515925,329.277388022619,251.636100053925
"Europe (R10)",1,"Mt CO2/yr","Emissions|CO2","ENGAGE-INDCi2030-1600-NDCp","WITCH 5.0",1507,"ANNUAL",2797.60966022704,,,,,2732.54945835771,1943.21489202513,2164.38073129175,1937.00146731812,1716.1193045828,1525.72760565431,1278.42044300146,1035.11005901234,806.512477944892,586.980511628287,535.650116025024,483.407184391835,436.096305015602,387.422311007045,373.797018158911,305.962652306989
"Europe (R10)",1,"Mt CO2/yr","Emissions|CO2","ENGAGE-INDCi2030-1600f","WITCH 5.0",1508,"ANNUAL",2798.37606178789,,,,,2732.67651300657,1939.83616547653,2151.91242048097,1923.576223371989,1701.84453375422,1508.32292409379,1259.42713917398,1011.17129302995,776.9905565313609,555.268203128579,498.05415716119,458.6578939346691,413.2982183773861,369.33402795706,343.479360338037,271.653240163914
"Europe (R10)",1,"Mt CO2/yr","Emissions|CO2","ENGAGE-INDCi2030-1600f-NDCp","WITCH 5.0",1509,"ANNUAL",2797.60966022704,,,,,2732.54945835771,1943.21489202513,2173.64238251012,1949.87479184148,1742.68172519094,1553.36911686102,1310.58460588941,1063.68870177241,816.4341775762781,589.456298324451,534.032738459515,483.267284203201,439.121953843814,384.372178719607,374.82213225058,307.339860681372
"Europe (R10)",1,"Mt CO2/yr","Emissions|CO2","ENGAGE-INDCi2030-1800","WITCH 5.0",1510,"ANNUAL",2798.37606178789,,,,,2732.67651300657,1939.83616547653,2246.83739693999,2066.794185747889,1969.43080210468,1736.19419881318,1517.62869682318,1284.79572775149,1035.14709587561,868.327052865264,657.202665520865,561.062749108193,508.006769294286,465.673526603979,436.727877771716,364.579848728851
"Europe (R10)",1,"Mt CO2/yr","Emissions|CO2","ENGAGE-INDCi2030-1800-NDCp","WITCH 5.0",1511,"ANNUAL",2797.60966022704,,,,,2732.54945835771,1943.21489202513,2265.15176400421,2115.96649780768,2018.50930023693,1782.52882716567,1577.87231292109,1336.84601791748,1083.25796438321,913.31074554047,689.933859644064,590.1312558036531,531.925862575633,479.89866671422,451.804196268439,371.041553879537
"Europe (R10)",1,"Mt CO2/yr","Emissions|CO2","ENGAGE-INDCi2030-1800f","WITCH 5.0",1512,"ANNUAL",2798.37606178789,,,,,2732.67651300657,1939.83616547653,2246.83739693999,2066.794185747889,1969.43080210468,1736.19419881318,1517.62869682318,1284.79572775149,1035.14709587561,868.327052865264,657.202665520865,561.062749108193,508.006769294286,465.673526603979,436.727877771716,364.579848728851
"Europe (R10)",1,"Mt CO2/yr","Emissions|CO2","ENGAGE-INDCi2030-1800f-NDCp","WITCH 5.0",1513,"ANNUAL",2797.60966022704,,,,,2732.54945835771,1943.21489202513,2265.15176400421,2115.96649780768,2018.50930023693,1782.52882716567,1577.87231292109,1336.84601791748,1083.25796438321,913.31074554047,689.933859644064,590.1312558036531,531.925862575633,479.89866671422,451.804196268439,371.041553879537
"Europe (R10)",1,"Mt CO2/yr","Emissions|CO2","ENGAGE-INDCi2030-2000","WITCH 5.0",1514,"ANNUAL",2798.37606178789,,,,,2732.67651300657,1939.83616547653,2358.42385416739,2229.99638384495,2134.57746647373,2052.76609773271,1823.67997420896,1642.44264313963,1394.53318297885,1110.03142519041,952.1768720982228,723.356373919738,605.074340732293,532.868089794238,506.472986880534,404.8575258866661
"Europe (R10)",1,"Mt CO2/yr","Emissions|CO2","ENGAGE-INDCi2030-2000-NDCp","WITCH 5.0",1515,"ANNUAL",2797.60966022704,,,,,2732.54945835771,1943.21489202513,2371.38816550517,2248.35676290383,2153.26146826081,2067.96649469214,1853.06696166857,1687.05605838595,1435.06244008695,1145.05181385743,983.182101724945,753.262687661405,629.366469141623,552.6550977576741,520.254952289888,411.122559479382
"Europe (R10)",1,"Mt CO2/yr","Emissions|CO2","ENGAGE-INDCi2030-2000f","WITCH 5.0",1516,"ANNUAL",2798.37606178789,,,,,2732.67651300657,1939.83616547653,2358.42385416739,2229.99638384495,2134.57746647373,2052.76609773271,1823.67997420896,1642.44264313963,1394.53318297885,1110.03142519041,952.1768720982228,723.356373919738,605.074340732293,532.868089794238,506.472986880534,404.8575258866661
"Europe (R10)",1,"Mt CO2/yr","Emissions|CO2","ENGAGE-INDCi2030-2000f-NDCp","WITCH 5.0",1517,"ANNUAL",2797.60966022704,,,,,2732.54945835771,1943.21489202513,2371.38816550517,2248.35676290383,2153.26146826081,2067.96649469214,1853.06696166857,1687.05605838595,1435.06244008695,1145.05181385743,983.182101724945,753.262687661405,629.366469141623,552.6550977576741,520.254952289888,411.122559479382
"Europe (R10)",1,"Mt CO2/yr","Emissions|CO2","ENGAGE-INDCi2030-2500","WITCH 5.0",1518,"ANNUAL",2798.37606178789,,,,,2732.67651300657,1939.83616547653,2539.81693579524,2417.39102555994,2313.51397714702,2221.35495954998,2167.03862240366,2111.55061754134,2016.03492508625,1816.87759214048,1531.140901317,1241.58640648551,1136.92348145986,821.2817700710369,664.804677030328,552.464144939712
"Europe (R10)",1,"Mt CO2/yr","Emissions|CO2","ENGAGE-INDCi2030-2500-NDCp","WITCH 5.0",1519,"ANNUAL",2797.60966022704,,,,,2732.54945835771,1943.21489202513,2546.43826705425,2421.14618307997,2316.28036438121,2223.77890382029,2175.34404557107,2118.77924324077,2027.65971408766,1833.98032479807,1549.65336363952,1260.84896899633,1149.64158194523,935.35784274635,746.993502892348,559.132779280288
"Europe (R10)",1,"Mt CO2/yr","Emissions|CO2","ENGAGE-INDCi2030-2500f","WITCH 5.0",1520,"ANNUAL",2798.37606178789,,,,,2732.67651300657,1939.83616547653,2539.81693579524,2417.39102555994,2313.51397714702,2221.35495954998,2167.03862240366,2111.55061754134,2016.03492508625,1816.87759214048,1531.140901317,1241.58640648551,1136.92348145986,821.2817700710369,664.804677030328,552.464144939712
"Europe (R10)",1,"Mt CO2/yr","Emissions|CO2","ENGAGE-INDCi2030-2500f-NDCp","WITCH 5.0",1521,"ANNUAL",2797.60966022704,,,,,2732.54945835771,1943.21489202513,2546.43826705425,2421.14618307997,2316.28036438121,2223.77890382029,2175.34404557107,2118.77924324077,2027.65971408766,1833.98032479807,1549.65336363952,1260.84896899633,1149.64158194523,935.35784274635,746.993502892348,559.132779280288
"Europe (R10)",1,"Mt CO2/yr","Emissions|CO2","ENGAGE-INDCi2030-3000","WITCH 5.0",1522,"ANNUAL",2798.37606178789,,,,,2732.67651300657,1939.83616547653,2640.65354139465,2510.53723175671,2388.72732951125,2279.10267711471,2308.53250349984,2284.27267255393,2255.15497674443,2170.83301926482,1989.26026765217,1708.04983129371,1404.56408148647,1243.41624934347,1201.6691235842,1029.05418636108
"Europe (R10)",1,"Mt CO2/yr","Emissions|CO2","ENGAGE-INDCi2030-3000-NDCp","WITCH 5.0",1523,"ANNUAL",2797.60966022704,,,,,2732.54945835771,1943.21489202513,2630.73958965753,2508.08673353917,2388.56293532364,2282.01978010931,2317.92062812932,2298.48181181755,2273.81538440581,2188.98930133783,2005.55014002905,1721.71158359712,1417.2119312409,1254.66979647227,1209.24978026623,1034.03214789636
"Europe (R10)",1,"Mt CO2/yr","Emissions|CO2","ENGAGE-INDCi2030-3000f","WITCH 5.0",1524,"ANNUAL",2798.37606178789,,,,,2732.67651300657,1939.83616547653,2640.65354139465,2510.53723175671,2388.72732951125,2279.10267711471,2308.53250349984,2284.27267255393,2255.15497674443,2170.83301926482,1989.26026765217,1708.04983129371,1404.56408148647,1243.41624934347,1201.6691235842,1029.05418636108
"Europe (R10)",1,"Mt CO2/yr","Emissions|CO2","ENGAGE-INDCi2030-3000f-NDCp","WITCH 5.0",1525,"ANNUAL",2797.60966022704,,,,,2732.54945835771,1943.21489202513,2630.73958965753,2508.08673353917,2388.56293532364,2282.01978010931,2317.92062812932,2298.48181181755,2273.81538440581,2188.98930133783,2005.55014002905,1721.71158359712,1417.2119312409,1254.66979647227,1209.24978026623,1034.03214789636
"Europe (R10)",1,"Mt CO2/yr","Emissions|CO2","ENGAGE-INDCi2030-500f","WITCH 5.0",1526,"ANNUAL",2798.37606178789,,,,,2732.67651300657,1939.83616547653,1225.06264857806,717.259530612298,294.347549464751,-47.6047963850828,-367.308173678906,-520.4366433568019,-611.633026804177,-694.90613884615,-765.645907073974,-833.437777568584,-875.092782374424,-918.010734534476,-946.982097610104,-985.323547659523
"Europe (R10)",1,"Mt CO2/yr","Emissions|CO2","ENGAGE-INDCi2030-600f","WITCH 5.0",1527,"ANNUAL",2798.37606178789,,,,,2732.67651300657,1939.83616547653,1355.31671325868,952.294362528923,579.289749163809,96.7427581645529,-119.16084505336,-228.1581206751571,-393.902036829826,-540.769941887659,-644.429415683196,-712.468772645394,-755.2366746451249,-800.201314019242,-830.8763431844949,-875.27617226009
"Europe (R10)",1,"Mt CO2/yr","Emissions|CO2","ENGAGE-INDCi2030-600f-NDCp","WITCH 5.0",1528,"ANNUAL",2797.60966022704,,,,,2732.54945835771,1943.21489202513,1429.93585713263,1020.17766560248,643.672009923569,157.129702118524,-60.18028515023229,-172.266901315677,-250.5329165874409,-401.883486003004,-580.02997290108,-661.21515040138,-706.289387202489,-752.392895661217,-786.446539007652,-833.3857552578211
"Europe (R10)",1,"Mt CO2/yr","Emissions|CO2","ENGAGE-INDCi2030-700f","WITCH 5.0",1529,"ANNUAL",2798.37606178789,,,,,2732.67651300657,1939.83616547653,1486.02750610792,1095.88892786022,729.118829229821,275.520538455597,52.1772028749735,-111.290026462438,-187.890426779364,-268.243392702216,-393.377349983159,-595.09390927525,-647.032279882987,-694.120018749675,-725.488764791262,-776.912830110325
"Europe (R10)",1,"Mt CO2/yr","Emissions|CO2","ENGAGE-INDCi2030-700f-NDCp","WITCH 5.0",1530,"ANNUAL",2797.60966022704,,,,,2732.54945835771,1943.21489202513,1540.66776389016,1169.26625410039,789.770667948704,334.304062487166,117.667643959964,-49.780180289082,-140.891602322462,-219.10725220322,-333.993714160711,-515.170110205074,-600.959898805702,-649.2888194330291,-683.303887010024,-737.3400088679289
"Europe (R10)",1,"Mt CO2/yr","Emissions|CO2","ENGAGE-INDCi2030-800","WITCH 5.0",1531,"ANNUAL",2798.37606178789,,,,,2732.67651300657,1939.83616547653,1270.97279233676,761.385374460094,321.103502371937,-81.85449335419479,-226.508984489785,-425.27568825496,-342.547786773671,-240.063261641859,-102.877796064482,-16.2412100690413,29.5499958043687,112.042587376578,192.014540088724,221.449956745929
"Europe (R10)",1,"Mt CO2/yr","Emissions|CO2","ENGAGE-INDCi2030-800-NDCp","WITCH 5.0",1532,"ANNUAL",2797.60966022704,,,,,2732.54945835771,1943.21489202513,1324.36333314502,810.309215803589,367.105144747224,-24.1137212598761,-191.954404557622,-288.322000467735,-313.2476382942,-216.634408596986,-80.0263163260753,-4.76414147358788,59.38329764770251,161.663267582644,240.131857520296,231.129471664206
"Europe (R10)",1,"Mt CO2/yr","Emissions|CO2","ENGAGE-INDCi2030-800f","WITCH 5.0",1533,"ANNUAL",2798.37606178789,,,,,2732.67651300657,1939.83616547653,1594.26879858563,1232.06076685234,854.8663384936959,423.977135828001,202.119828468646,51.0016617645839,-72.45084788406879,-134.276790017099,-208.6203926530709,-335.254563782488,-529.099788714909,-592.174897365678,-623.1824823372401,-681.743388910562
"Europe (R10)",1,"Mt CO2/yr","Emissions|CO2","ENGAGE-INDCi2030-800f-NDCp","WITCH 5.0",1534,"ANNUAL",2797.60966022704,,,,,2732.54945835771,1943.21489202513,1630.37362630679,1273.10586318418,906.383956673646,506.42368095353,245.060710314127,106.839489625923,-4.11151796555873,-104.846231455446,-166.532002067529,-282.236111026037,-459.08844207007,-557.936314714713,-592.368058676261,-649.308444770644
"Europe (R10)",1,"Mt CO2/yr","Emissions|CO2","ENGAGE-INDCi2030-900","WITCH 5.0",1535,"ANNUAL",2798.37606178789,,,,,2732.67651300657,1939.83616547653,1484.43031832836,1105.21763116654,722.2584754716721,263.91719153778,33.7222251432795,-122.956506477505,-173.881794473856,-240.4861693383509,-102.293398240433,-5.2554304555058,49.3865415274747,142.314033170263,205.342766869055,226.974387587316
"Europe (R10)",1,"Mt CO2/yr","Emissions|CO2","ENGAGE-INDCi2030-900-NDCp","WITCH 5.0",1536,"ANNUAL",2797.60966022704,,,,,2732.54945835771,1943.21489202513,1526.09528571527,1143.11280216789,771.578414465139,337.523162045563,157.192186360709,15.5877531858784,-102.395425119185,-142.514686043162,-50.5096203854023,31.8207379249363,108.568931696646,182.785929841326,251.705260186849,219.107746435465
"Europe (R10)",1,"Mt CO2/yr","Emissions|CO2","ENGAGE-INDCi2030-900f","WITCH 5.0",1537,"ANNUAL",2798.37606178789,,,,,2732.67651300657,1939.83616547653,1663.87677117035,1328.40362666423,985.468618332584,584.969284300721,383.064941254901,175.745377175718,78.0919999882432,-0.4241425175079611,-98.07645964361971,-170.959461078139,-293.167338461646,-485.097648312989,-539.495867886057,-600.469731353401
"Europe (R10)",1,"Mt CO2/yr","Emissions|CO2","ENGAGE-INDCi2030-900f-NDCp","WITCH 5.0",1538,"ANNUAL",2797.60966022704,,,,,2732.54945835771,1943.21489202513,1695.90761749392,1364.38882672127,1043.08284391266,626.921817881021,425.749319514529,214.768915463204,117.418292706894,46.177830084661,-54.82158267511051,-117.989920616511,-185.168343523958,-317.271998257589,-493.637015447837,-569.394115061104
"Europe (R10)",1,"Mt CO2/yr","Emissions|CO2","ENGAGE-INDCi2100","WITCH 5.0",1539,"ANNUAL",2798.37606178789,,,,,2732.67651300657,1939.83616547653,1918.66482245748,1866.90152381858,1811.16914303023,1760.54801379296,1724.27595852242,1534.95500828897,1344.33060509093,1127.72269953876,1101.82380653766,1089.6051735835,955.442858373764,752.6839140582989,706.27597821928,593.614455406081
"Europe (R10)",1,"Mt CO2/yr","Emissions|CO2","ENGAGE-INDCi2100-NDCp","WITCH 5.0",1540,"ANNUAL",2797.60966022704,,,,,2732.54945835771,1943.21489202513,1913.63200501721,1870.15321581938,1814.32376267104,1763.61446364071,1739.84869649274,1562.61377157978,1367.87217380515,1136.25785213281,1102.01364046596,1087.3106275344,962.64115866369,768.385437173945,722.1568253375099,602.1168985463299
"Europe (R10)",1,"Mt CO2/yr","Emissions|CO2","ENGAGE-NPi2020-3000","WITCH 5.0",1555,"ANNUAL",2805.05434270233,,,,,3048.22608235731,2824.43046486905,2668.02306301312,2521.62674926413,2436.68241354499,2348.96271291379,2298.92863618356,2270.09119388782,2232.84475077804,2144.218889112,1964.43586107691,1678.60889584246,1368.73667393164,1210.97150488332,1168.02617525145,993.384226955435
"Europe (R10)",1,"Mt CO2/yr","Emissions|CO2","ENGAGE-NPi2020-3000f","WITCH 5.0",1556,"ANNUAL",2805.05434270233,,,,,3048.22608235731,2824.43046486905,2668.02306301312,2521.62674926413,2436.68241354499,2348.96271291379,2298.92863618356,2270.09119388782,2232.84475077804,2144.218889112,1964.43586107691,1678.60889584246,1368.73667393164,1210.97150488332,1168.02617525145,993.384226955435
"Europe (R10)",1,"Mt CO2/yr","Emissions|CO2","ENGAGE-NPi2100","WITCH 5.0",1570,"ANNUAL",2805.05434270233,,,,,2942.18653388627,2877.49023212333,2759.04059036149,2616.80310805009,2508.47005120214,2440.15571649419,2397.31105986969,2384.54246105429,2381.472716468,2343.83401498573,2262.30977198987,2152.19130839463,2094.20128719271,2285.30377734057,1837.96942557652,1463.54275663408
"Europe (R10)",1,"Mt CO2/yr","Emissions|CO2","ENGAGE-NoPolicy","WITCH 5.0",1571,"ANNUAL",3278.09675112852,,,,,3268.85197225232,3224.39043613971,3199.70227624019,3103.15867172036,3010.52045886742,2926.37815454084,2907.75554814899,2934.30576257923,2954.096849811789,2950.26499127427,2974.13618814209,3006.15315207787,3097.28957769568,3169.25508584276,2864.14123333857,2414.21782227984