"region","scenario","version","type","unit","run__id","variable","model","2020","2025","2030","2035","2040","2045","2050","2055","2060","2065","2070","2075","2080","2085","2090","2095","2100"
"World","ENGAGE-INDCi2030-1000f",1,"ANNUAL","Mt CO2/yr",146,"Emissions|CO2","IMAGE 3.0",42090.03190486803,40969.86523809953,39550.97624057471,34193.44629217099,27656.72135668091,21105.857912074964,11976.814861114844,,8054.475179768683,,-1966.292521337608,,-5504.829061372835,,-6305.504273034165,,-6618.4031581537565
"World","ENGAGE-INDCi2030-800f",1,"ANNUAL","Mt CO2/yr",153,"Emissions|CO2","IMAGE 3.0",42088.932621013766,40918.46029017819,39535.21029005244,28543.01269790732,20161.589194541204,10835.795818042365,7583.9790045957025,,2590.808390535007,,-3618.321004560709,,-5090.52124069715,,-5641.976807153532,,-6272.328369710836
"World","ENGAGE-NPi2020-1000",1,"ANNUAL","Mt CO2/yr",155,"Emissions|CO2","IMAGE 3.0",42072.90885799148,40836.948571420784,36432.626630916224,27102.04850506799,18250.426922232047,10689.514079747816,8999.44482503688,,6724.831828410827,,3784.799398130531,,1295.2243755246486,,25.24131520818659,,-308.7657445552506
"World","ENGAGE-INDCi2030-500f",1,"ANNUAL","Mt CO2/yr",356,"Emissions|CO2","POLES-JRC ENGAGE",40910.21875,42078.734375,38511.79296875,21174.40234375,13715.16015625,10786.08203125,8307.59375,,2213.845947265625,,-3934.245361328125,,-9821.54296875,,-14876.1123046875,,-16647.75
"World","ENGAGE-INDCi2030-600f",1,"ANNUAL","Mt CO2/yr",357,"Emissions|CO2","POLES-JRC ENGAGE",40910.21875,42078.734375,38511.79296875,22114.181640625,14385.0634765625,11372.75,8859.9296875,,3004.29931640625,,-2690.54638671875,,-7708.85546875,,-12841.572265625,,-14209.2802734375
"World","ENGAGE-INDCi2030-600f-COV",1,"ANNUAL","Mt CO2/yr",358,"Emissions|CO2","POLES-JRC ENGAGE",37808.53125,39625.15625,36712.90625,21543.580078125,13859.34375,10777.9853515625,8235.3271484375,,2751.598876953125,,-2097.73681640625,,-6344.30859375,,-10244.505859375,,-11105.5166015625
"World","ENGAGE-INDCi2030-600f-COV-NDCp",1,"ANNUAL","Mt CO2/yr",359,"Emissions|CO2","POLES-JRC ENGAGE",37808.54296875,39181.125,34857.1953125,20590.1640625,13502.1318359375,10450.0263671875,7985.34326171875,,2518.69970703125,,-2092.02880859375,,-6113.8232421875,,-9476.2197265625,,-11041.0048828125
"World","ENGAGE-INDCi2030-600f-NDCp",1,"ANNUAL","Mt CO2/yr",360,"Emissions|CO2","POLES-JRC ENGAGE",40587.84375,41347.15625,38389.90625,22208.587890625,14892.271484375,11790.322265625,9103.388671875,,3105.260986328125,,-2357.833740234375,,-7259.29931640625,,-12446.287109375,,-14734.1630859375
"World","ENGAGE-INDCi2030-700f",1,"ANNUAL","Mt CO2/yr",361,"Emissions|CO2","POLES-JRC ENGAGE",40910.21875,42078.734375,38511.79296875,23551.94140625,15504.0009765625,12319.7626953125,9711.5029296875,,3952.43798828125,,-1113.572265625,,-5414.96484375,,-10668.6435546875,,-11690.84375
"World","ENGAGE-INDCi2030-800f",1,"ANNUAL","Mt CO2/yr",362,"Emissions|CO2","POLES-JRC ENGAGE",40910.21875,42078.734375,38511.79296875,24936.431640625,16643.125,13248.3349609375,10630.15234375,,5086.96826171875,,-2.093823909759521,,-4367.11083984375,,-8363.33984375,,-9945.1123046875
"World","ENGAGE-INDCi2030-900",1,"ANNUAL","Mt CO2/yr",363,"Emissions|CO2","POLES-JRC ENGAGE",40910.21875,42078.734375,38511.79296875,18668.81640625,11883.4755859375,9306.51171875,7794.60107421875,,5010.53466796875,,1409.6644287109375,,718.2785034179688,,-46.70131301879883,,-12.040183067321776
"World","NGFS Phase 5-Below 2°C",1,"ANNUAL","Mt CO2/yr",660,"Emissions|CO2","GCAM 6.0 NGFS",38705.3311896455,37212.7648231373,29528.6475966545,24553.1311079213,19551.3601287656,14659.5061895645,9870.16945195336,6177.48642063908,2519.89503634312,-433.955562957667,-2445.62392813325,-4368.58938813157,-4392.4255943883,-4398.28936374553,-4377.92712290487,-4332.39756540438,-4276.53574614679
"World","NGFS Phase 5-Delayed Transition",1,"ANNUAL","Mt CO2/yr",662,"Emissions|CO2","GCAM 6.0 NGFS",38705.3332863643,38516.3577455493,37916.6427480509,30656.745259121,22949.7750966678,15374.0741042442,7987.64317898365,4035.91837776093,334.681272930146,-1290.67044509507,-2718.128780114,-3669.34941507917,-4559.95751690502,-4533.4358086127,-4502.62911674052,-4462.36706533145,-4411.46373019256
"World","NGFS Phase 5-Below 2°C",1,"ANNUAL","Mt CO2/yr",667,"Emissions|CO2","MESSAGEix-GLOBIOM 2.0-M-R12-NGFS",44751.08876115071,41555.34680179472,34774.77053648137,28906.75312741041,23107.39027416548,17540.97677119681,12903.98238070846,9215.979229837583,7196.747820987588,,3646.059881364054,,568.5173043553104,,10.36483771534449,,7.385712833872731
"World","NGFS Phase 5-Delayed Transition",1,"ANNUAL","Mt CO2/yr",669,"Emissions|CO2","MESSAGEix-GLOBIOM 2.0-M-R12-NGFS",44751.08876115071,41550.16870265797,41368.49410200681,34345.97152567447,27254.6428278098,20650.03274117358,15126.73549749923,10642.3242367077,7882.102173934411,,4006.485070977891,,788.432924463506,,4.156632080363579,,2.2233828434305
"World","NGFS Phase 5-Below 2°C",1,"ANNUAL","Mt CO2/yr",674,"Emissions|CO2","REMIND-MAgPIE 3.3-4.8",44336.01437690001,43370.72432479999,35652.1306422,27181.2355309,19667.6628796,13978.6508315,10328.8775575,8173.419919,6633.497533299999,,4580.0170065,,3483.0854947,,2637.9056849,,1562.1821946
"World","NGFS Phase 5-Delayed Transition",1,"ANNUAL","Mt CO2/yr",676,"Emissions|CO2","REMIND-MAgPIE 3.3-4.8",44336.01437690001,43042.2421411,43221.4456673,35161.0114491,21178.4330336,11148.708047,7057.957855299998,4873.6351338,3639.074957,,2194.5364532,,1681.5409362,,1489.5810583,,1219.8601615
"World","NAVIGATE Demand-1.5°C-tec_u",1,"ANNUAL","Mt CO2/yr",697,"Emissions|CO2","IMAGE 3.3",39603.19043328779,41394.65071990898,26681.06754799847,19515.43408380538,12003.07503364327,6008.152466366508,1276.169413364713,,-1961.633992691351,,-3561.743245766503,,-4341.040161527452,,-4863.576864048914,,-5223.96606492803
"World","NAVIGATE Demand-2.0°C-ele_u",1,"ANNUAL","Mt CO2/yr",699,"Emissions|CO2","IMAGE 3.3",39594.68262078702,43070.17057683213,33343.28450823954,27403.9075545746,21289.0032571437,16969.63411612603,13117.70141720814,,8291.785319764214,,5662.297445176212,,4412.4264733829,,2554.960368070811,,1850.249817062736
"World","NAVIGATE Demand-2.0°C-act_u",1,"ANNUAL","Mt CO2/yr",746,"Emissions|CO2","MESSAGEix-GLOBIOM 1.1-BMT-R12",45345.40505087384,45500.27699573263,35692.30097412529,29928.28078546643,25240.54404137457,20695.50578169637,16578.46261094606,13635.73726619108,11700.77831249139,,6965.162364501784,,4439.713585939613,,3069.263219385995,,2580.940089798026
"World","NAVIGATE Demand-2.0°C-ele_u",1,"ANNUAL","Mt CO2/yr",747,"Emissions|CO2","MESSAGEix-GLOBIOM 1.1-BMT-R12",45306.47364820011,45614.67939458253,35921.81045334549,30393.4794173306,25804.18682531328,21215.01846307311,16821.3631191092,13593.67070534434,11627.93767165033,,6803.785289318628,,4092.834158411048,,2851.308602784387,,2343.216779086573
"World","NAVIGATE Demand-2.0°C-ref",1,"ANNUAL","Mt CO2/yr",748,"Emissions|CO2","MESSAGEix-GLOBIOM 1.1-BMT-R12",45392.79352931953,45623.52018780698,35769.21020626712,30005.91319317595,25259.23125303898,20716.01579966543,16548.22983987408,13632.61821626284,11636.53727484549,,6844.821820344971,,4473.534474347682,,3114.325766005592,,2647.398741613578
"World","NAVIGATE Demand-2.0°C-tec_u",1,"ANNUAL","Mt CO2/yr",749,"Emissions|CO2","MESSAGEix-GLOBIOM 1.1-BMT-R12",45368.95763445146,45391.52412681182,35790.93524024107,30143.34751587318,25664.42132711141,21138.50916761854,16785.28004284747,13564.47291725688,11598.68245646079,,6831.736958280417,,4071.075619902588,,2779.451208573356,,2265.114059120045
"World","NAVIGATE Demand-2.0°C-ref",1,"ANNUAL","Mt CO2/yr",755,"Emissions|CO2","IMAGE 3.3",39595.08724318288,42495.30957417571,32421.3720732599,27872.27230071093,21358.21517121249,16358.23535304961,13314.22794717393,,8994.685140791657,,6158.023885650966,,4706.258423279404,,2834.203979749842,,1855.122518072293
"World","NAVIGATE Demand-2.0°C-tec_u",1,"ANNUAL","Mt CO2/yr",756,"Emissions|CO2","IMAGE 3.3",39603.19043328779,42858.6031940004,33050.42025040041,27682.90364834996,21202.89209177129,15808.74202617674,13215.29329547222,,9277.821452666354,,6457.410889258912,,4350.305745838191,,2490.518880434744,,1579.809763734114
"World","NAVIGATE Demand-1.5°C-ele_u",1,"ANNUAL","Mt CO2/yr",765,"Emissions|CO2","IMAGE 3.3",39594.68262078702,41677.78971733055,27333.9365259224,18283.13688317252,11059.38191832311,6006.271240780399,2234.083842162734,,-1203.198740750658,,-3506.976664544076,,-3915.556437530439,,-4752.187093530975,,-4735.653971784681
"World","NAVIGATE Demand-2.0°C-all_u",1,"ANNUAL","Mt CO2/yr",768,"Emissions|CO2","MESSAGEix-GLOBIOM 1.1-BMT-R12",45272.35435932704,45301.05218855449,35685.987270802,30501.05399727656,25916.73492139093,21271.34074951367,16761.79417182036,13474.89614895554,11702.48587414689,,6819.557015306726,,3870.012694135797,,2560.793952579847,,2075.066231039687
"World","COMMIT-2°C-2030",1,"ANNUAL","Mt CO2/yr",880,"Emissions|CO2","IMAGE 3.0",41734.21842827318,40789.8333370415,39229.19043325379,28271.40006767429,20615.75993025957,14228.64323046018,10858.5728362736,,2001.41253680304,,-210.692901630482,,-1987.8187461117,,-3236.959696746092,,-4161.959839245547
"World","COMMIT-2°C-2020",1,"ANNUAL","Mt CO2/yr",886,"Emissions|CO2","POLES GECO2019",41066.1171875,40912.85546875,32317.693359375,24704.638671875,19288.869140625,14593.896484375,10332.4248046875,,3681.4892578125,,-1364.85400390625,,-5092.990234375,,-8870.255859375,,-11400.5693359375
"World","COMMIT-2°C-2030",1,"ANNUAL","Mt CO2/yr",887,"Emissions|CO2","POLES GECO2019",40661.62890625,41968.23828125,39945.51953125,26225.9765625,17904.12890625,13661.3115234375,10254.5185546875,,3671.872802734375,,-2051.524169921875,,-6449.744140625,,-10553.228515625,,-12652.74609375
"World","COMMIT-Bridge-No-Tax",1,"ANNUAL","Mt CO2/yr",890,"Emissions|CO2","POLES GECO2019",40604.640625,44208,45634.82421875,25163.970703125,16138.4365234375,12864.701171875,10451.7470703125,,3697.97802734375,,-2221.696533203125,,-6892.44775390625,,-10156.74609375,,-10259.9443359375
"World","EMF33-medium-2°C-limbio",1,"ANNUAL","Mt CO2/yr",964,"Emissions|CO2","REMIND-MAgPIE 1.7-3.0",42539.0523,39257.80089999999,33353.70080000001,28277.7888,24353.4714,21312.9675,17631.919,13739.9707,10432.2154,,6958.587800000001,,4363.880399999999,,1937.0322,,-108.6524
"World","EMF33-tax-hi-full",1,"ANNUAL","Mt CO2/yr",968,"Emissions|CO2","REMIND-MAgPIE 1.7-3.0",44323.9069,41838.9243,35842.59730000001,30038.9971,25289.7804,21452.3832,16849.6832,11345.4504,6414.9787,,-1489.5902,,-7530.467199999999,,-12084.8327,,-14653.6838
"World","SSP1-26",1,"ANNUAL","Mt CO2/yr",996,"Emissions|CO2","GCAM 4.2",35526.5607694671,31776.74214214205,28026.923514817,25799.99325803275,23573.0630012485,20669.916099838803,17766.7691984291,,11324.009272616,,4920.97540974346,,-555.589048222232,,-5880.160664959,,-10963.8715668159
"World","SSP2021-SSP1-SPA1-26-Default",1,"ANNUAL","Mt CO2/yr",1062,"Emissions|CO2","IMAGE 3.2",39951.2301468611,40733.36523807803,36663.47982104138,30562.59049757008,22822.73340051229,17128.02946119251,12781.03588983379,9673.370280827314,6990.877767562617,4935.773315878394,1317.245636106078,-1913.657592947406,-5504.748494966578,-6330.730957606771,-7608.17936267082,-7872.083578189602,-8475.771241004899
"World","SSP2021-SSP1-SPA1-26-Lifestyle",1,"ANNUAL","Mt CO2/yr",1063,"Emissions|CO2","IMAGE 3.2",39708.57129267237,39600.62305047506,35370.29590165298,27108.19124595396,20305.32861512719,15093.46630996588,11403.49804791168,8402.221273550296,7517.271810579221,6329.810710210853,4399.347412509315,2202.844889523175,600.5475871314181,-770.0095113818498,-1794.61848974648,-2487.18790712715,-2750.127339931001
"World","SSP2021-SSP1-SPA1-26-Lifestyle-Renewables",1,"ANNUAL","Mt CO2/yr",1064,"Emissions|CO2","IMAGE 3.2",39714.07129267287,40451.14290732321,36060.43131838238,28014.30550384884,22076.3590514861,17804.98779458738,14524.85099415898,10098.87996511079,6784.550781866777,4598.205444753956,2201.583577674102,-411.3002599454313,-1540.816182594501,-2309.844238491236,-2176.503702997343,-2192.09061706126,-1363.373372519776
"World","SSP2021-SSP1-SPA1-26-Renewables",1,"ANNUAL","Mt CO2/yr",1065,"Emissions|CO2","IMAGE 3.2",39895.78971716856,39643.01172235391,34886.22070629647,28204.67497001198,21545.34765820866,14866.01570773166,11515.74585065626,8498.174968220477,6160.388509674618,4316.454875066884,1253.42395030926,-1495.07415785076,-4187.942057672389,-5178.187785301473,-6896.127197892545,-7412.683635113985,-8301.593832134899
"World","SSP2021-SSP2-SPA0-26-Default",1,"ANNUAL","Mt CO2/yr",1071,"Emissions|CO2","IMAGE 3.2",40281.08333699525,40648.26204796613,37156.75390962789,32551.72851858425,24191.09651912628,17738.86784015429,11205.06567484677,7989.347982497137,4761.562785263598,1142.05924489549,-2998.042928332445,-3645.660990728559,-6324.329061447334,-7713.013265675141,-8975.55957112846,-10374.76709078691,-12233.2801117892
"World","SSP2021-SSP2-SPA2-26-Default",1,"ANNUAL","Mt CO2/yr",1079,"Emissions|CO2","IMAGE 3.2",40002.89290728246,40324.42448283252,39159.37695668494,34446.32812813148,26562.78890215438,20727.99609563436,14779.10156384356,10550.56567478727,6646.089803664086,2331.494669808308,-1455.85297661347,-2466.014384176006,-5936.711100800117,-6959.117147442543,-8686.406739070922,-9250.95971763787,-10594.93269953088
"World","SSP2021-SSP2-SPA2-26-Lifestyle",1,"ANNUAL","Mt CO2/yr",1080,"Emissions|CO2","IMAGE 3.2",39742.55957392546,39115.41276397261,35129.64941725611,28367.30631768301,21999.978517625,18931.90592620025,14512.98177215269,9832.364502846976,7102.48730533318,5835.888509645119,3240.935425099318,846.3271586869648,-1259.841400261016,-2017.197509949006,-2073.183105657221,-2162.96071390106,-2370.246663626935
"World","SSP2021-SSP2-SPA2-26-Lifestyle-Renewables",1,"ANNUAL","Mt CO2/yr",1081,"Emissions|CO2","IMAGE 3.2",39742.55957392546,38831.76172228016,33660.69824524756,26506.23844642008,20662.71582219093,17437.3328466373,14355.15397265918,10313.16333101568,6635.427287387075,4346.298014718034,2400.868164280761,-303.2626393911761,-2099.20784524292,-3450.541911120977,-4537.661133225014,-5280.78104702955,-5168.581136537579
"World","SSP2021-SSP2-SPA2-26-Renewables",1,"ANNUAL","Mt CO2/yr",1082,"Emissions|CO2","IMAGE 3.2",39951.41276404861,39353.12305045255,36427.2268913324,27709.80745694616,20236.04329611047,16443.18099107817,12254.35180775466,8946.901205240438,4111.928548550894,3003.383585885014,546.173095752777,-1699.721110180562,-4363.318563222186,-6459.189168881469,-7316.540161797952,-7594.165283893503,-8562.704183721136
"World","EMF30-Slower-to-Faster",1,"ANNUAL","Mt CO2/yr",1328,"Emissions|CO2","REMIND 1.6",45732.4726118,42057.92210819999,39259.2525824,33042.557856,26062.2170564,19943.7872113,16764.0276405,,9975.6149625,,2563.1148465,,-3852.6507897,,-9424.4328121,,-13741.2642321
"World","NGFS Phase 2-Delayed Transition",1,"ANNUAL","Mt CO2/yr",1397,"Emissions|CO2","REMIND-MAgPIE 2.1-4.2",39860.8605,41286.5474,42659.5044,25706.9917,13929.2949,7513.1229,3190.721,1198.2917,142.4536,,-1568.9649,,-2594.0152,,-2821.9338,,-3191.1078
"World","NGFS Phase 2-Below 2°C",1,"ANNUAL","Mt CO2/yr",1403,"Emissions|CO2","GCAM 5.3",41741.75309,37793.75824,32406.95474,25829.20168,18922.58369,12067.98767,8278.475528,4645.685161,1076.803384,-2404.680371,-2832.526163,-2910.682468,-2711.414102,-2469.776089,-2180.161602,-1864.633619,-1247.643547
"World","RESCUE-Peak-Budget-1150",1,"ANNUAL","Mt CO2/yr",1439,"Emissions|CO2","REMIND-MAgPIE 3.2.0-4.8.0",42797.7163014,43325.7396988,35855.1353599,28704.2236231,21860.3638986,16181.1635208,12072.8053539,10100.19,8261.5687738,,5057.2941107,,3112.0877197,,2350.1463504,,3521.9271319
"World","RESCUE-Peak-Budget-1150-with-OAE",1,"ANNUAL","Mt CO2/yr",1440,"Emissions|CO2","REMIND-MAgPIE 3.2.0-4.8.0",42797.7163014,43441.80202730001,35928.24792079999,28718.0332261,21804.0449163,16413.82996839999,12003.547437,9983.318163199998,8035.9796684,,5066.7046392,,3072.8291601,,2364.401382800001,,3468.361033300001
"World","ENGAGE-INDCi2030-1000",1,"ANNUAL","Mt CO2/yr",1449,"Emissions|CO2","TIAM-ECN 1.1",42060.01173018408,40612.0825694178,39164.15340865152,29322.09763274095,19480.04185683039,14631.279287705496,9782.5167185806,,2199.722936237855,,-0.007731020021694001,,0.010841978423627,,0.024630088628398,,0.019799536982375
"World","ENGAGE-INDCi2030-1000-COV",1,"ANNUAL","Mt CO2/yr",1450,"Emissions|CO2","TIAM-ECN 1.1",41964.21576190329,40501.57800241479,39038.94024292629,29138.91517666609,19238.89011040589,14523.84858995942,9808.807069512952,,2172.891416040488,,-53.07700043270009,,-60.38643154497456,,-62.44997824901201,,-38.95824866763211
"World","ENGAGE-INDCi2030-1000-NDCp",1,"ANNUAL","Mt CO2/yr",1451,"Emissions|CO2","TIAM-ECN 1.1",42060.01095794428,40666.034419481264,39272.05788101824,29329.130591124685,19386.20330123113,14605.183942745258,9824.164584259388,,2252.219436624755,,0.054486217955158,,-0.008532015775045,,-0.038646903150279,,-0.004076492335570001
"World","ENGAGE-INDCi2030-1000f",1,"ANNUAL","Mt CO2/yr",1452,"Emissions|CO2","TIAM-ECN 1.1",42060.01173018408,40612.0825694178,39164.15340865152,32639.524643570083,26114.89587848865,21654.348944689067,17193.80201088948,,6786.230840580678,,378.7511363481429,,-5516.991283206553,,-9219.589186772328,,-8523.256597917198
"World","ENGAGE-INDCi2030-1000f-COV",1,"ANNUAL","Mt CO2/yr",1453,"Emissions|CO2","TIAM-ECN 1.1",42060.01697926973,40612.08554521456,39164.15411115939,32638.928346649787,26113.70258214018,21821.819196261844,17529.93581038351,,6740.430564640684,,294.7819353159153,,-5307.258465107614,,-9297.782785259817,,-9191.956112176858
"World","ENGAGE-INDCi2030-1000f-NDCp",1,"ANNUAL","Mt CO2/yr",1454,"Emissions|CO2","TIAM-ECN 1.1",42060.01095794428,40666.034419481264,39272.05788101824,32534.569422898287,25797.08096477833,21716.837620801147,17636.59427682396,,6925.705244558184,,296.8883798432677,,-5309.519995565945,,-9305.28595450822,,-9148.430123463688
"World","ENGAGE-INDCi2030-1200",1,"ANNUAL","Mt CO2/yr",1455,"Emissions|CO2","TIAM-ECN 1.1",42060.01173018408,40612.0825694178,39164.15340865152,32902.134504922346,26640.11560119318,22095.19986303602,17550.28412487886,,6497.143357693775,,774.7083492006805,,0.00467840094241,,-0.017866622557434,,-0.03406679559184
"World","ENGAGE-INDCi2030-1200f",1,"ANNUAL","Mt CO2/yr",1456,"Emissions|CO2","TIAM-ECN 1.1",42060.01173018408,40612.0825694178,39164.15340865152,34870.804219431295,30577.45503021107,26624.597494649766,22671.73995908846,,10075.56968872954,,2530.654072114371,,-3071.110712848722,,-7372.770030246286,,-7881.178992602973
"World","ENGAGE-INDCi2030-900",1,"ANNUAL","Mt CO2/yr",1467,"Emissions|CO2","TIAM-ECN 1.1",42060.01173018408,,39164.15340865152,,15705.25033816632,,6899.779055628484,,357.1090123871612,,0.022646310986772,,-0.030289263903839,,0.021923651890119,,-0.008959917974578001
"World","ENGAGE-INDCi2030-900f",1,"ANNUAL","Mt CO2/yr",1468,"Emissions|CO2","TIAM-ECN 1.1",42060.01173018408,,39164.15340865152,,23797.22724799544,,15141.73716395006,,5437.730155463321,,-646.9667742071871,,-5912.596597952313,,-10008.68300933576,,-9682.778935107775
"World","ENGAGE-NPi2020-1000",1,"ANNUAL","Mt CO2/yr",1472,"Emissions|CO2","TIAM-ECN 1.1",40673.57001298753,,29684.9206029028,,22636.58608827762,,13765.5281357789,,4567.714497915079,,-0.222077256747354,,0.012787396400568,,0.00324796508201,,0.002710290515267
"World","ENGAGE-NPi2020-1000-COV",1,"ANNUAL","Mt CO2/yr",1473,"Emissions|CO2","TIAM-ECN 1.1",40491.10299122317,,29947.40314381645,,22971.67324514996,,14390.60625530387,,4936.303173845071,,-0.0002167684872063,,-0.001311065052433,,0.001385019752035,,0.002345921718912
"World","ENGAGE-NPi2020-1000f",1,"ANNUAL","Mt CO2/yr",1474,"Emissions|CO2","TIAM-ECN 1.1",41108.86799077039,,34187.20098115778,,26926.94763002108,,18674.30375046976,,7660.723244758077,,932.9224296436726,,-5204.598125188022,,-8675.108266374502,,-8254.128865848208
"World","ENGAGE-NPi2020-1000f-COV",1,"ANNUAL","Mt CO2/yr",1475,"Emissions|CO2","TIAM-ECN 1.1",40503.95186499802,,34835.39497296711,,26603.19538886535,,18814.66391635489,,7453.987497189896,,643.64236457635,,-4981.954328905627,,-8542.19989350792,,-8172.710728356462
"World","ENGAGE-NPi2020-1200",1,"ANNUAL","Mt CO2/yr",1476,"Emissions|CO2","TIAM-ECN 1.1",40977.75255517552,,35492.60544350449,,27480.37411235078,,19103.87684676141,,7277.110365282835,,1148.673666047249,,0.104135044528945,,0.00484195289647,,-0.00169021311666
"World","ENGAGE-NPi2020-1200f",1,"ANNUAL","Mt CO2/yr",1477,"Emissions|CO2","TIAM-ECN 1.1",41133.62985979904,,37402.97429216034,,30175.91245838928,,22788.92935259815,,10272.06014686719,,2654.406979432488,,-2902.415609904868,,-6886.971711688539,,-6160.391733774063
"World","ENGAGE-NPi2020-800",1,"ANNUAL","Mt CO2/yr",1488,"Emissions|CO2","TIAM-ECN 1.1",39447.08687,,23976.58242,,17017.98984,,8400.97851,,1872.449,,0.000285,,-0.0031,,-0.00032,,0.00287907
"World","ENGAGE-NPi2020-800f",1,"ANNUAL","Mt CO2/yr",1489,"Emissions|CO2","TIAM-ECN 1.1",40663.27442,,29795.05331,,23004.48566,,14528.442,,5334.506,,-828.459,,-6274.41,,-10241.8,,-9325.142
"World","ENGAGE-NPi2020-900",1,"ANNUAL","Mt CO2/yr",1490,"Emissions|CO2","TIAM-ECN 1.1",40367.49801407963,,27206.18657699475,,19804.09214385824,,10823.8780557343,,2973.628427878504,,-0.0007485592492315,,0.001711224374787,,0.001075473264933,,-0.004391173312413
"World","ENGAGE-NPi2020-900f",1,"ANNUAL","Mt CO2/yr",1491,"Emissions|CO2","TIAM-ECN 1.1",41085.58166095724,,32021.53589998282,,24785.12737712751,,16595.07639207275,,6360.065118348377,,-4.982687624547381,,-5624.022174822378,,-9356.558602066583,,-8655.354760461707
"World","ENGAGE-INDCi2030-1000",1,"ANNUAL","Mt CO2/yr",1494,"Emissions|CO2","WITCH 5.0",36684.17587829813,37103.45576119963,35217.10673784596,22078.60988466165,17264.52240357001,13931.33080638477,10565.28606548583,7339.357841617727,4927.517434528936,2621.276954150518,549.9955166594953,-1790.956457815596,-1739.678927249958,-1743.735544399259,-1765.663173258772,-1759.606970552809,-1835.468088839639
"World","ENGAGE-INDCi2030-1000-NDCp",1,"ANNUAL","Mt CO2/yr",1495,"Emissions|CO2","WITCH 5.0",36696.91251560105,37732.34993540272,32303.63212088844,22050.25538579057,17414.04426246263,14228.99150816066,10957.53418605998,7915.145584522932,5341.538190312324,2943.694489408426,649.0413528223406,-1641.94121673566,-1735.757226146321,-1717.637885120756,-1736.630541180864,-1752.268317420754,-1597.182298718773
"World","ENGAGE-INDCi2030-1000f",1,"ANNUAL","Mt CO2/yr",1496,"Emissions|CO2","WITCH 5.0",36684.17587829813,37103.45576119963,35217.10673784596,23374.15849146508,18685.28090044814,15569.61825207785,12512.34316566591,9479.762716206147,6781.734897347759,4875.873579264718,2928.189787631974,653.5337376399102,-1676.433752267425,-4222.328706541934,-6154.036035464324,-7602.948031553886,-9156.128205159835
"World","ENGAGE-INDCi2030-1000f-NDCp",1,"ANNUAL","Mt CO2/yr",1497,"Emissions|CO2","WITCH 5.0",36696.91251560105,37732.34993540272,32303.63212088844,24186.75064126403,18910.34402018995,15889.05100183209,12915.43058043303,9970.974751134325,7285.476530574466,5172.939259313673,3229.937913898992,819.1206307970856,-1687.756072386027,-4442.301712487713,-6534.447503461608,-8071.315414451687,-9773.54768417249
"World","ENGAGE-INDCi2030-600f",1,"ANNUAL","Mt CO2/yr",1527,"Emissions|CO2","WITCH 5.0",36684.17587829813,37103.45576119963,35217.10673784596,19802.11906541377,14168.55628764435,9247.055205023693,5315.942131797816,2318.531969361179,-20.48902882783415,-1816.994810713905,-4073.696944596793,-6566.650462831568,-8218.573736764307,-9450.304302223183,-10889.84610843153,-12026.09421345176,-13419.29527338346
"World","ENGAGE-INDCi2030-600f-NDCp",1,"ANNUAL","Mt CO2/yr",1528,"Emissions|CO2","WITCH 5.0",36696.91251560105,37732.34993540272,32303.63212088844,19639.64927450095,14504.24604426993,10111.79683189436,6181.431763012868,2991.412864538485,347.1356483366518,-1389.059885622163,-3724.910750189911,-6404.391932177286,-8226.292714648434,-9624.04984085193,-11211.73949138597,-12628.10234139849,-14282.70475040654
"World","ENGAGE-INDCi2030-700f",1,"ANNUAL","Mt CO2/yr",1529,"Emissions|CO2","WITCH 5.0",36684.17587829813,37103.45576119963,35217.10673784596,20692.44610193133,15499.84461101774,11409.45226292292,7403.031346904161,3947.967577557756,1359.461912255728,-347.1466758130447,-2391.18576922384,-4890.86359854452,-6900.296767672338,-8266.203199334906,-9681.629761914122,-10831.24891531078,-12267.41352909521
"World","ENGAGE-INDCi2030-700f-NDCp",1,"ANNUAL","Mt CO2/yr",1530,"Emissions|CO2","WITCH 5.0",36696.91251560105,37732.34993540272,32303.63212088844,20554.22240763454,15843.5651670736,12047.82462017985,8147.730676572271,4712.017744367475,1849.094286377666,-1.722320971470594,-2051.346998506539,-4614.302639216233,-6766.148182804429,-8386.73199506797,-10038.24034550909,-11427.79168738398,-13121.63452472279
"World","ENGAGE-INDCi2030-800",1,"ANNUAL","Mt CO2/yr",1531,"Emissions|CO2","WITCH 5.0",36684.17587829813,37103.45576119963,35217.10673784596,19116.70683098028,12786.29987529414,7338.790288008933,3406.006120918049,1047.388195660096,-1046.355823593782,-1734.236725906062,-1718.96015530507,-1725.848528635382,-1510.508486829204,-1562.818233764867,-1629.637463746456,-1656.967581950635,-1641.118671435993
"World","ENGAGE-INDCi2030-800-NDCp",1,"ANNUAL","Mt CO2/yr",1532,"Emissions|CO2","WITCH 5.0",36696.91251560105,37732.34993540272,32303.63212088844,18836.70957453065,13077.6093717716,8107.310706475147,4108.029050259884,1496.595892933623,-678.3968064007427,-1729.85437565383,-1718.382272493716,-1724.80812754319,-1723.29165664442,-1715.866592822561,-1717.113982575913,-1714.73362804285,-1730.386475666964
"World","ENGAGE-INDCi2030-800f",1,"ANNUAL","Mt CO2/yr",1533,"Emissions|CO2","WITCH 5.0",36684.17587829813,37103.45576119963,35217.10673784596,21654.77078520305,16693.18826849369,13103.20218910158,9400.397880899292,5932.465128413573,3234.424702087775,1032.019383872673,-993.9523423360132,-3383.915888672373,-5294.323373777281,-6907.883990944607,-8517.338410012282,-9693.901450136978,-11124.96166125029
"World","ENGAGE-INDCi2030-800f-NDCp",1,"ANNUAL","Mt CO2/yr",1534,"Emissions|CO2","WITCH 5.0",36696.91251560105,37732.34993540272,32303.63212088844,21581.09717003835,16950.57906178767,13597.24162664016,10040.89737526386,6704.331444000662,3989.439751759449,1605.773254757717,-473.3140363910428,-2915.398810256947,-5400.343126806369,-7000.681498282145,-8991.222630524562,-10403.97902846019,-12084.61502096006
"World","ENGAGE-INDCi2030-900",1,"ANNUAL","Mt CO2/yr",1535,"Emissions|CO2","WITCH 5.0",36684.17587829813,37103.45576119963,35217.10673784596,20714.69808896668,15500.98179116138,11359.73964286535,7468.898209577837,4118.599771470693,1874.833094272445,173.0725482158422,-1706.016346465091,-1738.038427428193,-1715.429504234396,-1717.154106321408,-1703.547024047646,-1709.574975491307,-1712.261251500396
"World","ENGAGE-INDCi2030-900-NDCp",1,"ANNUAL","Mt CO2/yr",1536,"Emissions|CO2","WITCH 5.0",36696.91251560105,37732.34993540272,32303.63212088844,20440.98682368345,15719.9629496125,11886.9502096261,8117.028822684978,4816.338071660385,2201.558939347819,311.167521358958,-1758.964711717717,-1665.389222763645,-1689.244208017248,-1698.154762879269,-1715.845790965527,-1755.458008996985,-1748.647593044234
"World","ENGAGE-INDCi2030-900f",1,"ANNUAL","Mt CO2/yr",1537,"Emissions|CO2","WITCH 5.0",36684.17587829813,37103.45576119963,35217.10673784596,22516.46819953926,17731.79423607801,14472.82875792155,11116.90877729574,7828.897012786945,5173.011381966569,3053.366540156236,823.4051990132014,-1471.373324007648,-3712.51661514171,-5637.295528011495,-7384.398945090659,-8709.695922843592,-10110.34847459408
"World","ENGAGE-INDCi2030-900f-NDCp",1,"ANNUAL","Mt CO2/yr",1538,"Emissions|CO2","WITCH 5.0",36696.91251560105,37732.34993540272,32303.63212088844,22459.4621244782,17991.67269427204,14888.03946320988,11725.19434349022,8515.598544516788,5593.703462575776,3456.626904776706,1210.790918294887,-1073.157670119302,-3725.939168636419,-5863.19504650163,-7570.453506569197,-9376.438660977685,-11064.85190271393