"region","model","run__id","type","version","unit","scenario","variable","2020","2025","2030","2035","2040","2045","2050","2055","2060","2065","2070","2075","2080","2085","2090","2095","2100"
"World","POLES-JRC ENGAGE",354,"ANNUAL",1,"Mt CO2/yr","ENGAGE-INDCi2030-300f","Emissions|CO2",40910.21875,42078.734375,38511.79296875,19310.041015625,12195.3232421875,9477.26171875,7282.99853515625,,302.2891845703125,,-7297.494140625,,-12999.2255859375,,-19486.84765625,,-22423.95703125
"World","POLES-JRC ENGAGE",355,"ANNUAL",1,"Mt CO2/yr","ENGAGE-INDCi2030-400f","Emissions|CO2",40910.21875,42078.734375,38511.79296875,19966.37109375,12675.3173828125,9838.1142578125,7569.0791015625,,1049.06982421875,,-5944.607421875,,-11383.4501953125,,-17003.58203125,,-19116.734375
"World","GCAM 6.0 NGFS",664,"ANNUAL",1,"Mt CO2/yr","NGFS Phase 5-Low Demand","Emissions|CO2",38721.7038922231,36533.3760334352,27316.5546888018,20053.0585406674,12728.9089582596,5462.25606167157,-1803.94870333075,-4517.12520909065,-5400.44418672987,-5676.16708229368,-5862.37419577413,-6021.77744617594,-6144.96402107832,-6282.01657936019,-6408.39657022092,-6508.41380724449,-6594.1264791299
"World","GCAM 6.0 NGFS",666,"ANNUAL",1,"Mt CO2/yr","NGFS Phase 5-Net-Zero 2050","Emissions|CO2",38705.3516775572,36659.523239065,27558.948903111,20402.3937377936,13218.3918418555,6103.12700076728,-904.750985791544,-3690.01022846326,-4697.34759998683,-4967.85591218056,-5214.35632462294,-5429.51637754124,-5606.21525707396,-5804.29614584985,-5996.50957488184,-6118.96751493283,-6232.91521991405
"World","MESSAGEix-GLOBIOM 2.0-M-R12-NGFS",671,"ANNUAL",1,"Mt CO2/yr","NGFS Phase 5-Low Demand","Emissions|CO2",44751.08876115071,41555.34680179472,30342.32802104017,21548.82471553913,14402.15561378093,9111.36565619603,5188.381488868259,2227.05431397362,-16.38462779636461,,-2688.261801040696,,-2518.277655126344,,-2482.94338421152,,-2432.847677185567
"World","MESSAGEix-GLOBIOM 2.0-M-R12-NGFS",673,"ANNUAL",1,"Mt CO2/yr","NGFS Phase 5-Net-Zero 2050","Emissions|CO2",44751.08876115071,41555.34680179472,29291.1258939694,20409.12999443971,13978.73180748634,9354.653512463026,5574.092511627743,1848.216936185549,117.7823969194105,,-2490.620771492354,,-2880.332493754727,,-2409.849821336691,,-2384.68502677507
"World","REMIND-MAgPIE 3.3-4.8",678,"ANNUAL",1,"Mt CO2/yr","NGFS Phase 5-Low Demand","Emissions|CO2",44336.01437690001,40929.894997,24077.473664,13512.5572638,6576.2688468,2189.3856586,-387.2805134999999,-1766.8712312,-2988.3071873,,-4011.871575600001,,-4407.265640400001,,-4537.6476492,,-4634.9628008
"World","REMIND-MAgPIE 3.3-4.8",680,"ANNUAL",1,"Mt CO2/yr","NGFS Phase 5-Net-Zero 2050","Emissions|CO2",44336.01437690001,41557.9345671,26369.1721936,14014.8928542,5534.328641700001,757.8485987999999,-1802.1633444,-2631.4740277,-3222.5121157,,-3878.1876462,,-3896.1818988,,-3805.533718500001,,-3932.2541531
"World","POLES GECO2019",889,"ANNUAL",1,"Mt CO2/yr","COMMIT-Bridge","Emissions|CO2",40590.375,41141.44921875,37967.96875,25345.103515625,18837.40625,15286.771484375,13504.2060546875,,-267.4788513183594,,-16171.6240234375,,-13292.1484375,,-10958.486328125,,-11174.91796875
"World","GCAM 4.2",995,"ANNUAL",1,"Mt CO2/yr","SSP1-19","Emissions|CO2",37684.3597285529,28496.246155236004,19308.1325819191,14944.00994615885,10579.8873103986,6921.295855649875,3262.70440090115,,-633.599659041818,,-4335.44143574203,,-8420.98307508898,,-12963.8287969501,,-17674.1664086323
"World","IMAGE 3.2",1055,"ANNUAL",1,"Mt CO2/yr","SSP2021-SSP1-SPA1-19-Default","Emissions|CO2",39951.2301468611,40500.31348024435,32185.92122688433,21656.89095248964,11307.84602967382,5580.355143736471,914.3148550228982,-2315.60518412978,-4720.737996848428,-6330.954753179708,-8291.414714295432,-8881.84383218765,-10670.487875319,-11810.91251734976,-12705.68213006131,-13240.23038857345,-13825.76464969439
"World","IMAGE 3.2",1056,"ANNUAL",1,"Mt CO2/yr","SSP2021-SSP1-SPA1-19-Default-LowBiomass","Emissions|CO2",39975.46810259247,37048.95247732642,22594.88802288741,14014.47623825321,7129.294434241868,2653.70815046911,-732.2872569431992,-2080.191040228171,-2798.784525807821,-3065.865295688871,-3821.949910829221,-3842.362305036806,-4753.826172307166,-4877.711792435615,-5302.590373203408,-5219.096720852067,-5640.979574080525
"World","IMAGE 3.2",1057,"ANNUAL",1,"Mt CO2/yr","SSP2021-SSP1-SPA1-19-Lifestyle","Emissions|CO2",39729.87305048681,39336.69824576356,29063.36067972545,17387.52311355985,8746.976563295178,2997.141703560228,-1543.868754209362,-4700.842570414328,-4880.582642045251,-5828.984416220012,-6972.287516909886,-7217.870036463461,-7981.63688223602,-8793.583334132749,-8989.72404053079,-9207.821778180823,-8774.193685693486
"World","IMAGE 3.2",1058,"ANNUAL",1,"Mt CO2/yr","SSP2021-SSP1-SPA1-19-Lifestyle-Renewables","Emissions|CO2",39735.63086298733,40136.1031937529,29562.62174747918,17546.90315914726,8266.928793069246,1735.736196039956,-2316.20943217671,-6084.169556217169,-6542.612997014054,-7806.208903704447,-8611.34659909014,-8469.512126420997,-8244.166097754678,-9968.321208588502,-10224.37915132011,-9979.148438407195,-9618.499187072326
"World","IMAGE 3.2",1060,"ANNUAL",1,"Mt CO2/yr","SSP2021-SSP1-SPA1-19-Renewables","Emissions|CO2",39895.78971716856,39480.86914421417,31070.95735959546,20843.40478705111,11750.10099390673,5673.407552599097,1549.082295876503,-1924.096089855908,-4004.124878293698,-6115.116455634045,-7901.783936265218,-8802.91471434193,-9899.504965092665,-10427.16031995834,-11294.3636891778,-11362.15673931417,-11590.54638777244
"World","IMAGE 3.2",1061,"ANNUAL",1,"Mt CO2/yr","SSP2021-SSP1-SPA1-19-Renewables-LowBiomass","Emissions|CO2",39918.55957394146,37240.97624036471,22758.77620649606,13800.43099083792,6528.316488223692,1729.890096185909,-1614.048360335534,-3131.677531209177,-3835.997111351331,-4250.264201232741,-5119.634806780526,-4921.807129353687,-6284.596843019243,-6496.732219015091,-6714.862183227629,-6653.859538365313,-6751.763387658068
"World","IMAGE 3.2",1072,"ANNUAL",1,"Mt CO2/yr","SSP2021-SSP2-SPA1-19-Default-LowBiomass","Emissions|CO2",40025.03971718031,37462.88476903072,24949.76709211191,16812.67464345551,11035.70613707095,6176.764079337566,1701.291931307007,-159.9210853722043,-1593.312245831695,-1779.483978433256,-2595.876465079739,-2270.300903526703,-3102.617004676587,-2726.483785241352,-3628.395386072042,-3240.257548308892,-3695.622233408882
"World","IMAGE 3.2",1075,"ANNUAL",1,"Mt CO2/yr","SSP2021-SSP2-SPA2-19-Default","Emissions|CO2",40002.89290728246,39072.11100615618,32133.11979458786,19490.19531427184,10410.73372490476,4583.417480885424,135.9536565268451,-3532.219238602361,-6949.382040019783,-8764.642090640535,-10813.22379655594,-10540.16365655716,-12652.39461378042,-13184.845460183,-13990.63932418854,-14323.53971484381,-14727.1335462607
"World","IMAGE 3.2",1076,"ANNUAL",1,"Mt CO2/yr","SSP2021-SSP2-SPA2-19-Lifestyle","Emissions|CO2",39760.30566767707,39351.80176138994,34024.11002913477,20977.72151883415,8706.954753395708,3150.29911324212,-1994.908366066772,-6721.018351847981,-7961.381592520636,-7596.878581419792,-7869.810710350854,-6972.819255191184,-7240.570516608755,-7153.1241868482,-6836.939982717894,-6615.440552359216,-7006.384115220277
"World","IMAGE 3.2",1077,"ANNUAL",1,"Mt CO2/yr","SSP2021-SSP2-SPA2-19-Lifestyle-Renewables","Emissions|CO2",39956.36491248656,38081.88900085782,28393.72851820625,15053.03808730596,6120.579753160583,1744.510213374738,-1926.133748547499,-4491.461222739044,-4690.348795999312,-5386.366455567794,-6745.475179649683,-7417.358724632639,-7438.298828801208,-8371.054606880796,-9738.827800364514,-10364.21826266095,-10942.81486102084
"World","IMAGE 3.2",1078,"ANNUAL",1,"Mt CO2/yr","SSP2021-SSP2-SPA2-19-Renewables","Emissions|CO2",39951.41276404861,37535.26204768313,28536.40088150047,15630.70280090014,6911.552979143948,1651.98954279341,-2745.033976486528,-5324.274821447567,-6551.610921819559,-8392.644613393175,-10068.6559253945,-9585.88053472561,-11057.25854592708,-11541.13769636169,-12256.19677845795,-12174.69401152346,-13439.18733846133
"World","REMIND-MAgPIE 3.2.0-4.8.0",1437,"ANNUAL",1,"Mt CO2/yr","RESCUE-End-of-Century-Budget-500","Emissions|CO2",42797.7163014,41954.52423510001,44173.0846643,38482.4935264,25748.0818378,15190.6566771,9288.222652500002,5643.768905299999,1754.7419304,,-5821.0949735,,-14643.9648431,,-21544.21,,-22342.6537602
"World","REMIND-MAgPIE 3.2.0-4.8.0",1438,"ANNUAL",1,"Mt CO2/yr","RESCUE-End-of-Century-Budget-500-with-OAE","Emissions|CO2",42797.7163014,41954.52423510001,44173.0846643,38580.7127085,26958.6031316,16107.860413,10105.6601451,6299.350183400001,2420.3608848,,-5565.973793499998,,-15811.5825973,,-21973.9981481,,-22888.8397808
"World","WITCH 5.0",1526,"ANNUAL",1,"Mt CO2/yr","ENGAGE-INDCi2030-500f","Emissions|CO2",36684.17587829813,37103.45576119963,35217.10673784596,18879.16338085652,12436.59933723462,7114.580332121713,3508.804987023968,802.6524250154955,-1619.944051400839,-3561.978354695643,-5641.621789218867,-7875.224504594915,-9479.229659823965,-10713.69123535674,-12155.30197673552,-13251.84200941,-14543.3537911775