"region","model","run__id","type","version","unit","scenario","variable","2020","2021","2022","2023","2024","2025","2030","2035","2040","2045","2050","2055","2060","2065","2070","2075","2080","2085","2090","2095","2100"
"World","IMAGE 3.0",145,"ANNUAL",1,"Mt CO2/yr","ENGAGE-INDCi2030-1000","Emissions|CO2",42090.325524659725,,,,,40908.85319382315,39412.412763999615,28016.786949161564,19574.958335112875,10919.80957130521,7675.950033249896,,3313.6125898194664,,311.0511169716368,,362.6074066491752,,77.51212120760808,,-16.406147481502455
"World","IMAGE 3.0",147,"ANNUAL",1,"Mt CO2/yr","ENGAGE-INDCi2030-1200","Emissions|CO2",42089.96029028469,,,,,40893.234053196735,39414.0634801456,31785.27344038957,25749.40836822627,17081.9257828029,11132.201417027643,,11226.0424814893,,4387.467448315527,,1195.2104696724575,,-130.73214214241858,,-122.59643174332288
"World","IMAGE 3.0",148,"ANNUAL",1,"Mt CO2/yr","ENGAGE-INDCi2030-1200f","Emissions|CO2",42088.051761638686,,,,,40939.72624070096,39504.51986036216,36131.18294599299,30929.74772416596,25031.02099836929,15729.471843877867,,12459.842693190005,,2246.251607463319,,-2005.6266074414443,,-5027.861613412807,,-6403.162394787834
"World","IMAGE 3.0",149,"ANNUAL",1,"Mt CO2/yr","ENGAGE-INDCi2030-1400","Emissions|CO2",42090.325524659725,,,,,40913.10710007354,39433.31348014734,33643.06673482929,27622.6059595424,22955.317059378514,17534.202312791935,,13917.35074996313,,9306.916667512747,,3896.4639896120366,,1129.923706157408,,159.8962580508316
"World","IMAGE 3.0",150,"ANNUAL",1,"Mt CO2/yr","ENGAGE-INDCi2030-1400f","Emissions|CO2",42088.051761638686,,,,,40939.72624070096,39504.51986036216,36069.85221682074,30930.753909061885,25741.724123433905,18998.668621518817,,18446.131674854005,,8690.351807430658,,1639.0484518905407,,-3551.522278154897,,-5665.901896673936
"World","IMAGE 3.0",151,"ANNUAL",1,"Mt CO2/yr","ENGAGE-INDCi2030-3000","Emissions|CO2",42088.051761638686,,,,,40939.72624070096,39504.51986036216,38679.007816016274,39812.043623410944,40984.31348028834,42249.1666705075,,43173.57129298737,,40521.21419639208,,31402.611656500616,,22917.271811979223,,21854.432619174266
"World","IMAGE 3.0",152,"ANNUAL",1,"Mt CO2/yr","ENGAGE-INDCi2030-3000f","Emissions|CO2",42088.051761638686,,,,,40939.72624070096,39504.51986036216,38679.007816016274,39812.043623410944,40984.31348028834,42249.1666705075,,43173.57129298737,,40521.21419639208,,31402.611656500616,,22917.271811979223,,21854.432619174266
"World","IMAGE 3.0",154,"ANNUAL",1,"Mt CO2/yr","ENGAGE-INDCi2100","Emissions|CO2",42090.436527263904,,,,,40962.01986049465,39465.80143587947,38189.43262065927,38344.75390973588,39271.35709992429,40701.39290734596,,42903.07943098361,,45062.59928795077,,45408.65885829472,,46259.14290785121,,48440.92057732039
"World","IMAGE 3.0",157,"ANNUAL",1,"Mt CO2/yr","ENGAGE-NPi2020-1200","Emissions|CO2",42097.69824601456,,,,,41747.8968136911,36098.644860052525,29548.28450789454,23326.66194873519,15346.487794363884,13317.303793528372,,11969.613119577729,,5146.636190246521,,1646.5262452668717,,-13.042003473831716,,130.43366878423717
"World","IMAGE 3.0",159,"ANNUAL",1,"Mt CO2/yr","ENGAGE-NPi2020-1400","Emissions|CO2",42106.13086320283,,,,,41895.77376682954,37195.40071952724,32286.528974289304,27007.00879151768,21749.698081404327,17717.105958641896,,13289.063477770596,,8797.304606919546,,4890.746541785759,,177.6678505105364,,-153.4539667904803
"World","IMAGE 3.0",160,"ANNUAL",1,"Mt CO2/yr","ENGAGE-NPi2020-1400f","Emissions|CO2",42064.55143611572,,,,,40904.416670385246,36648.10775072748,31501.89095338464,26835.926923012543,21764.783693384867,18692.915529043104,,18217.67578290616,,9630.18847743797,,4113.226115282784,,-1467.3772177440749,,-3682.605611500147
"World","IMAGE 3.0",161,"ANNUAL",1,"Mt CO2/yr","ENGAGE-NPi2020-3000","Emissions|CO2",41458.78157928981,,,,,42251.51204811188,40998.32129278962,40538.301435976966,40658.75000369625,41582.19857148853,42892.301436190966,,43570.34114979427,,39767.56738642773,,29592.442059981888,,20372.83968284166,,20153.711590373823
"World","IMAGE 3.0",162,"ANNUAL",1,"Mt CO2/yr","ENGAGE-NPi2020-3000f","Emissions|CO2",41458.78157928981,,,,,42251.51204811188,40998.32129278962,40538.301435976966,40658.75000369625,41582.19857148853,42892.301436190966,,43570.34114979427,,39767.56738642773,,29592.442059981888,,20372.83968284166,,20153.711590373823
"World","IMAGE 3.0",166,"ANNUAL",1,"Mt CO2/yr","ENGAGE-NPi2100","Emissions|CO2",42156.94857154078,,,,,43430.53157946906,42783.58333722275,43139.03157944256,44173.57943109911,46439.50781672177,49258.69824666556,,53561.896814765096,,58226.48405477248,,61566.77800038864,,64190.97982354387,,67082.28971964006
"World","MESSAGEix-GLOBIOM 1.1",329,"ANNUAL",1,"Mt CO2/yr","ENGAGE-NPi2100","Emissions|CO2",43966.41985109601,,,,,45934.40626565904,47176.78924179389,48472.46887339811,48970.83563037938,50680.08157169902,52630.40571643712,54622.85244765275,56675.67717202396,,57834.67613442105,,62027.72642053788,,66478.10014904232,,70628.5473068628
"World","MESSAGEix-GLOBIOM 1.1",331,"ANNUAL",1,"Mt CO2/yr","ENGAGE-NoPolicy","Emissions|CO2",45013.41127708952,,,,,46707.20954659006,48441.58087478526,49793.89473580864,51079.70928905896,53270.34459349921,55842.30513196955,58725.01443486692,61559.33132527598,,64518.50405020615,,69998.34261066944,,78892.19722544611,,87065.17470443528
"World","POLES-JRC ENGAGE",332,"ANNUAL",1,"Mt CO2/yr","ENGAGE-INDCi2030-1000","Emissions|CO2",40910.21875,,,,,42078.734375,38511.79296875,22707.703125,14997.0546875,12235.1064453125,10044.63671875,,5445.3017578125,,1891.7789306640625,,1838.3560791015625,,637.4052124023438,,28.868677139282227
"World","POLES-JRC ENGAGE",333,"ANNUAL",1,"Mt CO2/yr","ENGAGE-INDCi2030-1000-COV","Emissions|CO2",37808.53125,,,,,39625.15625,36712.90625,24797.53515625,16884.578125,13769.666015625,11467.55859375,,6252.49169921875,,2803.55224609375,,1457.11962890625,,682.0006103515625,,41.64803314208984
"World","POLES-JRC ENGAGE",334,"ANNUAL",1,"Mt CO2/yr","ENGAGE-INDCi2030-1000-COV-NDCp","Emissions|CO2",37808.54296875,,,,,39181.125,34857.05859375,23742.123046875,16604.0625,13582.87109375,11301.763671875,,6217.55224609375,,2657.62353515625,,1538.065673828125,,744.8673706054688,,-10.98259735107422
"World","POLES-JRC ENGAGE",335,"ANNUAL",1,"Mt CO2/yr","ENGAGE-INDCi2030-1000-NDCp","Emissions|CO2",40587.84375,,,,,41347.15625,38389.90625,24399.3046875,16892.0234375,13734.6220703125,11387.55078125,,6101.0927734375,,2131.356689453125,,747.415283203125,,146.49546813964844,,46.3911018371582
"World","POLES-JRC ENGAGE",336,"ANNUAL",1,"Mt CO2/yr","ENGAGE-INDCi2030-1000f","Emissions|CO2",40910.21875,,,,,42078.734375,38511.79296875,28451.658203125,20260.673828125,16446.41796875,13425.5751953125,,7181.92236328125,,2150.599365234375,,-1686.41259765625,,-4827.9130859375,,-7036.48828125
"World","POLES-JRC ENGAGE",337,"ANNUAL",1,"Mt CO2/yr","ENGAGE-INDCi2030-1000f-COV","Emissions|CO2",37808.53125,,,,,39625.15625,36712.90625,28442.091796875,20891.359375,17193.984375,14121.3798828125,,7750.0634765625,,2951.36279296875,,-786.3028564453125,,-3392.89013671875,,-4875.98291015625
"World","POLES-JRC ENGAGE",338,"ANNUAL",1,"Mt CO2/yr","ENGAGE-INDCi2030-1000f-COV-NDCp","Emissions|CO2",37808.54296875,,,,,39181.125,34857.1953125,27396.751953125,20930.23828125,17480.15234375,14311.1533203125,,8087.5625,,3338.847412109375,,-144.6249237060547,,-3590.82373046875,,-4470.767578125
"World","POLES-JRC ENGAGE",339,"ANNUAL",1,"Mt CO2/yr","ENGAGE-INDCi2030-1000f-NDCp","Emissions|CO2",40587.84375,,,,,41347.15625,38390.0859375,29380.5625,21742.05078125,17747.171875,14066.083984375,,7533.93603515625,,1784.820556640625,,-1903.8709716796875,,-5223.716796875,,-6545.48486328125
"World","POLES-JRC ENGAGE",340,"ANNUAL",1,"Mt CO2/yr","ENGAGE-INDCi2030-1200","Emissions|CO2",40910.21875,,,,,42078.734375,38511.79296875,29252.109375,21600.583984375,17721.806640625,14530.388671875,,8681.365234375,,4428.873046875,,2411.8916015625,,878.7920532226562,,-94.86903381347656
"World","POLES-JRC ENGAGE",341,"ANNUAL",1,"Mt CO2/yr","ENGAGE-INDCi2030-1200f","Emissions|CO2",40910.21875,,,,,42078.734375,38511.79296875,31616.265625,24632.4140625,20643.166015625,17408.140625,,10459.98046875,,5146.9443359375,,965.707763671875,,-2647.331298828125,,-3662.901611328125
"World","POLES-JRC ENGAGE",342,"ANNUAL",1,"Mt CO2/yr","ENGAGE-INDCi2030-1400","Emissions|CO2",40910.21875,,,,,42078.734375,38511.79296875,33295.08203125,27496.123046875,23414.478515625,20290.5859375,,13287.1630859375,,8554.65234375,,3813.923583984375,,768.1502075195312,,68.87885284423828
"World","POLES-JRC ENGAGE",343,"ANNUAL",1,"Mt CO2/yr","ENGAGE-INDCi2030-1400f","Emissions|CO2",40910.21875,,,,,42078.734375,38511.79296875,33435.91015625,27769.03125,23696.623046875,20612.349609375,,13404.0947265625,,8581.3046875,,4247.55419921875,,345.6815795898437,,-1819.9932861328125
"World","POLES-JRC ENGAGE",344,"ANNUAL",1,"Mt CO2/yr","ENGAGE-INDCi2030-1600","Emissions|CO2",40910.21875,,,,,42078.734375,38511.79296875,34608.66796875,30097.1328125,26394.61328125,23560.53125,,16993.01953125,,11722.12109375,,6642.587890625,,3490.4111328125,,231.38546752929688
"World","POLES-JRC ENGAGE",345,"ANNUAL",1,"Mt CO2/yr","ENGAGE-INDCi2030-1600f","Emissions|CO2",40910.21875,,,,,42078.734375,38511.79296875,34608.66796875,30097.1328125,26394.61328125,23560.53125,,16993.01953125,,11722.12109375,,6642.587890625,,3490.4111328125,,231.38546752929688
"World","POLES-JRC ENGAGE",346,"ANNUAL",1,"Mt CO2/yr","ENGAGE-INDCi2030-1800","Emissions|CO2",40910.21875,,,,,42078.734375,38511.79296875,35500.3203125,31998.875,28890.888671875,26183.736328125,,20928.376953125,,17263.40625,,12647.3369140625,,5892.5146484375,,2075.048095703125
"World","POLES-JRC ENGAGE",347,"ANNUAL",1,"Mt CO2/yr","ENGAGE-INDCi2030-1800f","Emissions|CO2",40910.21875,,,,,42078.734375,38511.79296875,35500.3203125,31998.875,28890.888671875,26183.736328125,,20928.376953125,,17263.40625,,12647.3369140625,,5892.5146484375,,2075.048095703125
"World","POLES-JRC ENGAGE",348,"ANNUAL",1,"Mt CO2/yr","ENGAGE-INDCi2030-2000","Emissions|CO2",40910.21875,,,,,42078.734375,38511.79296875,35878.45703125,32911.5234375,30293.818359375,27912.267578125,,22799.638671875,,19588.515625,,15639.40234375,,10210.0615234375,,4997.603515625
"World","POLES-JRC ENGAGE",349,"ANNUAL",1,"Mt CO2/yr","ENGAGE-INDCi2030-2000f","Emissions|CO2",40910.21875,,,,,42078.734375,38511.79296875,35878.45703125,32911.5234375,30293.818359375,27912.267578125,,22799.638671875,,19588.515625,,15639.40234375,,10210.0615234375,,4997.603515625
"World","POLES-JRC ENGAGE",350,"ANNUAL",1,"Mt CO2/yr","ENGAGE-INDCi2030-2500","Emissions|CO2",40910.21875,,,,,42078.734375,38511.79296875,36997.85546875,35835.4609375,34295.11328125,33317.61328125,,30248.705078125,,26242.748046875,,24179.400390625,,22367.625,,20725.529296875
"World","POLES-JRC ENGAGE",351,"ANNUAL",1,"Mt CO2/yr","ENGAGE-INDCi2030-2500f","Emissions|CO2",40910.21875,,,,,42078.734375,38511.79296875,36997.85546875,35835.4609375,34295.11328125,33317.61328125,,30248.705078125,,26242.748046875,,24179.400390625,,22367.625,,20725.529296875
"World","POLES-JRC ENGAGE",352,"ANNUAL",1,"Mt CO2/yr","ENGAGE-INDCi2030-3000","Emissions|CO2",40910.21875,,,,,42078.734375,38511.79296875,37958.19140625,38142.140625,37820.82421875,37781.0078125,,38174.33203125,,37017.546875,,34615.52734375,,33197.99609375,,31552.337890625
"World","POLES-JRC ENGAGE",353,"ANNUAL",1,"Mt CO2/yr","ENGAGE-INDCi2030-3000f","Emissions|CO2",40910.21875,,,,,42078.734375,38511.79296875,37958.19140625,38142.140625,37820.82421875,37781.0078125,,38174.33203125,,37017.546875,,34615.52734375,,33197.99609375,,31552.337890625
"World","POLES-JRC ENGAGE",364,"ANNUAL",1,"Mt CO2/yr","ENGAGE-INDCi2030-900f","Emissions|CO2",40910.21875,,,,,42078.734375,38511.79296875,26975.408203125,18528.556640625,14927.185546875,12154.998046875,,6319.298828125,,1410.5712890625,,-2536.009521484375,,-7549.5361328125,,-8750.798828125
"World","POLES-JRC ENGAGE",365,"ANNUAL",1,"Mt CO2/yr","ENGAGE-INDCi2100","Emissions|CO2",40587.859375,,,,,41832.9140625,39923.4296875,39858.4765625,40222.95703125,40686.5390625,41193.0625,,41791.06640625,,40697.1640625,,40700.1015625,,40596.515625,,38203.23828125
"World","POLES-JRC ENGAGE",366,"ANNUAL",1,"Mt CO2/yr","ENGAGE-INDCi2100-COV","Emissions|CO2",37769.37109375,,,,,40347.703125,38457.1640625,37766.30859375,37692.82421875,37826.58203125,37821.8359375,,38275.56640625,,37134.8515625,,36883.75,,37700.375,,36602.8515625
"World","POLES-JRC ENGAGE",367,"ANNUAL",1,"Mt CO2/yr","ENGAGE-INDCi2100-COV-NDCp","Emissions|CO2",37769.359375,,,,,39775.37890625,36931.3984375,34982.421875,34596.2890625,33869.01171875,33069.8046875,,32640.751953125,,31348.6796875,,31069.83203125,,30816.75390625,,30008.974609375
"World","POLES-JRC ENGAGE",368,"ANNUAL",1,"Mt CO2/yr","ENGAGE-INDCi2100-NDCp","Emissions|CO2",40587.84375,,,,,41347.15625,38389.8984375,36813.25390625,36642.265625,36357.03125,36062.5625,,36077.01953125,,34622.8046875,,33809.6796875,,33474.07421875,,31501.75390625
"World","POLES-JRC ENGAGE",371,"ANNUAL",1,"Mt CO2/yr","ENGAGE-NPi2020-1000f","Emissions|CO2",40820.3125,,,,,40921.171875,35198.375,29001.431640625,23946.779296875,19351.595703125,14933.6279296875,,7103.88134765625,,1529.968994140625,,-2657.85888671875,,-5221.5400390625,,-6203.80517578125
"World","POLES-JRC ENGAGE",372,"ANNUAL",1,"Mt CO2/yr","ENGAGE-NPi2020-1000f-COV","Emissions|CO2",38168.35546875,,,,,40831.70703125,34992.8125,28574.62109375,23664.9921875,19284.2578125,15084.4326171875,,7699.82568359375,,2255.771484375,,-1633.457763671875,,-4409.2548828125,,-5711.5458984375
"World","POLES-JRC ENGAGE",374,"ANNUAL",1,"Mt CO2/yr","ENGAGE-NPi2020-1200f","Emissions|CO2",40820.3125,,,,,40921.171875,36747.0234375,31855.197265625,27097.8515625,22618.1640625,18533.8984375,,10393.8896484375,,4521.35986328125,,-78.14013671875,,-3314.1494140625,,-4698.5732421875
"World","POLES-JRC ENGAGE",375,"ANNUAL",1,"Mt CO2/yr","ENGAGE-NPi2020-1400","Emissions|CO2",40820.3125,,,,,40921.171875,37512.53515625,33504.0625,29105.654296875,25129.966796875,20942.2265625,,12963.9326171875,,7094.662109375,,2444.977783203125,,861.4522094726562,,-129.55728149414062
"World","POLES-JRC ENGAGE",376,"ANNUAL",1,"Mt CO2/yr","ENGAGE-NPi2020-1400f","Emissions|CO2",40820.3125,,,,,40921.171875,37665.1796875,33919.51171875,29685.1796875,25866.044921875,21683.8203125,,13601.7314453125,,7844.359375,,3097.10791015625,,-444.3679809570313,,-3074.361572265625
"World","POLES-JRC ENGAGE",377,"ANNUAL",1,"Mt CO2/yr","ENGAGE-NPi2020-1600","Emissions|CO2",40820.3125,,,,,40921.171875,37512.53515625,34568.98828125,31434.78515625,28265.62109375,24449.8671875,,17900.541015625,,12023.46484375,,5775.09130859375,,2444.013916015625,,-230.19216918945312
"World","POLES-JRC ENGAGE",378,"ANNUAL",1,"Mt CO2/yr","ENGAGE-NPi2020-1600f","Emissions|CO2",40820.3125,,,,,40921.171875,37512.53515625,34568.98828125,31434.78515625,28265.623046875,24449.8671875,,17900.541015625,,12023.4814453125,,5775.1064453125,,2290.65771484375,,-947.1605834960938
"World","POLES-JRC ENGAGE",379,"ANNUAL",1,"Mt CO2/yr","ENGAGE-NPi2020-1800","Emissions|CO2",40820.3125,,,,,40921.171875,37512.53515625,35177.71875,32814.046875,29920.26171875,26842.09375,,20572.806640625,,16398.244140625,,11449.912109375,,4672.8173828125,,1138.9556884765625
"World","POLES-JRC ENGAGE",380,"ANNUAL",1,"Mt CO2/yr","ENGAGE-NPi2020-1800f","Emissions|CO2",40820.3125,,,,,40921.171875,37512.53515625,35177.71875,32814.046875,29920.26171875,26842.09375,,20572.806640625,,16398.244140625,,11449.912109375,,4672.8173828125,,1138.9556884765625
"World","POLES-JRC ENGAGE",381,"ANNUAL",1,"Mt CO2/yr","ENGAGE-NPi2020-2000","Emissions|CO2",40820.3125,,,,,40921.171875,37512.53515625,35177.71875,33587.50390625,31358.845703125,29001.572265625,,23447.462890625,,18992.603515625,,15366.3916015625,,10721.470703125,,6265.82080078125
"World","POLES-JRC ENGAGE",382,"ANNUAL",1,"Mt CO2/yr","ENGAGE-NPi2020-2000f","Emissions|CO2",40820.3125,,,,,40921.171875,37512.53515625,35177.71875,33587.50390625,31358.845703125,29001.572265625,,23447.462890625,,18992.603515625,,15366.3916015625,,10721.470703125,,6265.82080078125
"World","POLES-JRC ENGAGE",383,"ANNUAL",1,"Mt CO2/yr","ENGAGE-NPi2020-2500","Emissions|CO2",40820.3125,,,,,41998.74609375,39791.68359375,37689.140625,36296.0625,34919.8125,33357.5078125,,30323.84375,,25526.484375,,23296.552734375,,21399.453125,,20072.01953125
"World","POLES-JRC ENGAGE",384,"ANNUAL",1,"Mt CO2/yr","ENGAGE-NPi2020-2500f","Emissions|CO2",40820.3125,,,,,41998.74609375,39791.68359375,37689.140625,36296.0625,34919.8125,33357.5078125,,30323.84375,,25526.484375,,23296.552734375,,21399.453125,,20072.01953125
"World","POLES-JRC ENGAGE",385,"ANNUAL",1,"Mt CO2/yr","ENGAGE-NPi2020-3000","Emissions|CO2",40820.3125,,,,,40921.171875,37512.53515625,35517.85546875,34539.93359375,34362.3671875,34758.546875,,35988.91796875,,36067.4765625,,35992.87890625,,36357.1015625,,35936.36328125
"World","POLES-JRC ENGAGE",386,"ANNUAL",1,"Mt CO2/yr","ENGAGE-NPi2020-3000f","Emissions|CO2",40820.3125,,,,,40921.171875,37512.53515625,35517.85546875,34539.93359375,34362.3671875,34758.546875,,35988.91796875,,36067.4765625,,35992.87890625,,36357.1015625,,35936.36328125
"World","POLES-JRC ENGAGE",399,"ANNUAL",1,"Mt CO2/yr","ENGAGE-NPi2020-900f","Emissions|CO2",40820.3125,,,,,40677.60546875,33904.83984375,26996.6328125,21730.01953125,17095.248046875,12638.984375,,5488.1650390625,,166.1197052001953,,-3740.545654296875,,-5854.2373046875,,-7343.015625
"World","POLES-JRC ENGAGE",400,"ANNUAL",1,"Mt CO2/yr","ENGAGE-NPi2100","Emissions|CO2",41245.66796875,,,,,45170.23046875,47341.70703125,48244.28125,48919.984375,49591.55859375,50224.828125,,51090.92578125,,50476.484375,,50650.1171875,,50517.8984375,,47631.1953125
"World","POLES-JRC ENGAGE",401,"ANNUAL",1,"Mt CO2/yr","ENGAGE-NPi2100-COV","Emissions|CO2",38397.76953125,,,,,43632.0546875,45754.67578125,46674.3828125,46894.2421875,47416.80859375,47637.0546875,,47876.140625,,47175.47265625,,46345.38671875,,47548.2890625,,46116.890625
"World","REMIND-MAgPIE 2.1-4.2",479,"ANNUAL",1,"Mt CO2/yr","ENGAGE-NoPolicy","Emissions|CO2",40549.2452,,,,,43197.6704,46428.4049,48992.641,50664.9978,52356.3104,54137.0619,55752.9969,56476.9294,,56622.147,,55746.2911,,52616.7312,,49291.222
"World","IMAGE 3.0.1",620,"ANNUAL",1,"Mt CO2/yr","SSP1-34","Emissions|CO2",39638.79362339519,,,,,39495.09717155921,39351.40071972323,38397.25993187608,37443.11914402892,35195.192874293316,32947.26660455771,,27955.58333587475,,19813.28092628037,,9123.370280777312,,-2275.4379071079,,-6615.458456005051
"World","IMAGE 3.0.1",621,"ANNUAL",1,"Mt CO2/yr","SSP1-45","Emissions|CO2",39860.11491247781,,,,,40409.105146902715,40958.09538132763,41228.34733447719,41498.59928762676,40759.7838578721,40020.96842811743,,37734.7301466596,,32323.00228158429,,24455.64795144199,,17307.67106277134,,11079.04638772594
"World","IMAGE 3.0.1",622,"ANNUAL",1,"Mt CO2/yr","SSP1-Baseline","Emissions|CO2",40069.00390989264,,,,,41361.11898162469,42653.23405335673,43215.8650755433,43778.49609772986,43116.62695704469,42454.75781635952,,41601.92838919866,,39217.53157908606,,33392.29394834816,,28618.41390234126,,24612.91357645629
"World","GCAM 6.0 NGFS",661,"ANNUAL",1,"Mt CO2/yr","NGFS Phase 5-Current Policies","Emissions|CO2",38705.3322874041,,,,,38516.3724533147,37914.1853958269,38847.9384016138,39593.8258770884,40146.353590712,40556.7173304435,41279.4277683311,41963.8909845389,42354.7496321425,42800.743251437,43122.6863426608,42714.1303397709,43093.8810950503,43073.2833278361,42867.4596842556,42347.4567317635
"World","GCAM 6.0 NGFS",663,"ANNUAL",1,"Mt CO2/yr","NGFS Phase 5-Fragmented World","Emissions|CO2",38711.7302061065,,,,,38502.5791053178,37845.5312813118,34498.0547213829,30525.5421784329,26291.9692652312,22225.249142855,20656.4071422,18911.0871440414,18945.3077006859,19208.7575892552,19496.2144624232,19915.5254383728,20377.8852719998,20751.0300657492,21042.8266369823,20827.6438636775
"World","GCAM 6.0 NGFS",665,"ANNUAL",1,"Mt CO2/yr","NGFS Phase 5-Nationally Determined Contributions (NDCs)","Emissions|CO2",38705.0582259437,,,,,37991.0070610604,35251.5949580019,35051.6442173504,34653.9278550646,34028.2601182,32932.418271786,31606.8044428746,30087.406346927,28523.6266806865,27106.1404031793,25823.3021628564,24530.9256820279,23237.7026152634,21966.1898232679,20749.1462100897,19476.8544488598
"World","MESSAGEix-GLOBIOM 2.0-M-R12-NGFS",668,"ANNUAL",1,"Mt CO2/yr","NGFS Phase 5-Current Policies","Emissions|CO2",44751.08876115071,,,,,41550.16870265797,41368.49410200681,41871.19169932669,41409.48144290475,41028.08525069137,39665.8489492252,39394.42881136925,39625.19471171448,,36977.38634920035,,37172.19292457524,,39271.04046695108,,41294.54975276705
"World","MESSAGEix-GLOBIOM 2.0-M-R12-NGFS",670,"ANNUAL",1,"Mt CO2/yr","NGFS Phase 5-Fragmented World","Emissions|CO2",44751.08876115071,,,,,41550.16870265797,41368.49410200681,38766.0805627205,35082.14302135185,31049.54186414546,25142.18518375072,21454.92580424774,16983.80746801731,,13458.21232169936,,11504.99607749623,,11725.51530438258,,11846.63172642029
"World","MESSAGEix-GLOBIOM 2.0-M-R12-NGFS",672,"ANNUAL",1,"Mt CO2/yr","NGFS Phase 5-Nationally Determined Contributions (NDCs)","Emissions|CO2",44751.08876115071,,,,,41555.34680179472,39417.03596271498,35429.516309258,30050.03601908894,25897.85223462849,21632.48077891387,18335.6553698378,16453.24743568533,,13136.41518262619,,10780.88016551233,,9243.16206106148,,9310.473668522263
"World","REMIND-MAgPIE 3.3-4.8",675,"ANNUAL",1,"Mt CO2/yr","NGFS Phase 5-Current Policies","Emissions|CO2",44336.01437690001,,,,,43042.2421411,43221.4456673,43015.29448559999,41684.2300044,40279.3897883,40453.7709726,41091.9282075,41917.5515214,,41723.2757799,,41006.13747199999,,39266.8813745,,36017.1995147
"World","REMIND-MAgPIE 3.3-4.8",677,"ANNUAL",1,"Mt CO2/yr","NGFS Phase 5-Fragmented World","Emissions|CO2",44336.01437690001,,,,,43042.2421411,43221.4456673,39168.0288528,33774.73662549999,29091.2633122,26352.2706794,24744.98518050001,24290.0959368,,24054.1139412,,24220.4330903,,23490.9936153,,21712.8649809
"World","REMIND-MAgPIE 3.3-4.8",679,"ANNUAL",1,"Mt CO2/yr","NGFS Phase 5-Nationally Determined Contributions (NDCs)","Emissions|CO2",44336.01437690001,,,,,43204.6371634,36036.44889800001,30131.1184646,25208.7396662,21748.0361916,19666.0353072,18633.6097328,17976.0735118,,16469.2720358,,15904.8147432,,15092.4621714,,13976.0322851
"World","REMIND-MAgPIE 3.2-4.6",716,"ANNUAL",1,"Mt CO2/yr","SHAPE-SSP2-NPi","Emissions|CO2",43697.0061,,,,,43632.1356,44142.92,44281.134,43928.5305,43722.5637,44958.4583,46229.0413,48037.9717,,47005.6848,,44598.1491,,40354.6605,,34707.3103
"World","MESSAGEix-GLOBIOM 1.1-BMT-R12",750,"ANNUAL",1,"Mt CO2/yr","NAVIGATE Demand-NPi-act","Emissions|CO2",45541.7516632328,,,,,45932.93174565883,46956.6149693146,47682.38712293214,47756.62178078723,48692.26436301776,49671.78618761354,51604.88052945591,53376.17158059149,,54686.69423174476,,59067.60360478311,,63725.64736788991,,69421.69151172944
"World","MESSAGEix-GLOBIOM 1.1-BMT-R12",751,"ANNUAL",1,"Mt CO2/yr","NAVIGATE Demand-NPi-all","Emissions|CO2",45428.54670667975,,,,,45314.92580576303,45411.01717737086,45605.80351990928,45407.7262898937,45753.66998371114,46410.44830704899,47803.07447976108,49516.69450295907,,49909.16855954682,,54524.66415751357,,59199.2651657657,,64619.15663874541
"World","MESSAGEix-GLOBIOM 1.1-BMT-R12",752,"ANNUAL",1,"Mt CO2/yr","NAVIGATE Demand-NPi-ele","Emissions|CO2",45589.87099560148,,,,,46016.40095064384,47318.27750198736,48364.01479715705,48687.81378718196,49796.03389891729,51016.38231263446,53142.36571413407,54994.01539601757,,56209.24034539456,,60619.39535723234,,65498.95285739509,,71158.20459987613
"World","MESSAGEix-GLOBIOM 1.1-BMT-R12",753,"ANNUAL",1,"Mt CO2/yr","NAVIGATE Demand-NPi-ref","Emissions|CO2",45574.36990503346,,,,,46023.91010448119,47254.87957962698,48212.04824060584,48528.34428747563,49667.27160125843,50881.09328242613,52856.113719021,54623.26871335854,,56143.65255170737,,60602.81319075299,,65408.1528843304,,71016.41648054979
"World","IMAGE 3.3",759,"ANNUAL",1,"Mt CO2/yr","NAVIGATE Demand-NPi-ele","Emissions|CO2",39632.96419631133,,,,,44263.85319412815,41573.17871471688,42369.46842833093,42488.74609761261,42345.89290749546,40726.36491255656,,38296.35319358565,,38470.19043318479,,36513.06055019436,,35507.01888343624,,34745.77376617954
"World","IMAGE 3.3",760,"ANNUAL",1,"Mt CO2/yr","NAVIGATE Demand-NPi-ref","Emissions|CO2",39633.36523797803,,,,,44334.73014725959,42382.08333718625,44255.93262121076,45283.62695724169,46265.11914483092,46056.34115002027,,44836.07161865934,,45243.07161869634,,45679.66276456936,,44186.34114985028,,41906.73795953887
"World","IMAGE 3.3",761,"ANNUAL",1,"Mt CO2/yr","NAVIGATE Demand-NPi-tec","Emissions|CO2",39641.54362339544,,,,,44165.14681391085,41673.28157930931,42694.77767315217,42515.29362365669,41662.53581107917,39681.61914423242,,37031.13476899147,,37594.00390966763,,37877.80176125593,,37056.17838878541,,35241.59017247461
"World","MESSAGEix-GLOBIOM 1.1-BMT-R12",769,"ANNUAL",1,"Mt CO2/yr","NAVIGATE Demand-NPi-tec","Emissions|CO2",45512.09640966536,,,,,45455.1342357817,45647.331753782,46089.91129268464,45881.3236153729,46477.38091238128,47230.68815232196,48668.80254009301,50330.99472569666,,50872.41439420274,,55528.12257535701,,60292.72200188386,,65706.2116404647
"World","WITCH 5.0",793,"ANNUAL",1,"Mt CO2/yr","NAVIGATE Demand-NPi-act","Emissions|CO2",39528.1488493918,,,,,40906.9727073249,34884.2053273345,32738.3022640306,30899.8916740469,29880.9077159235,29278.9168167585,28254.8634171657,27874.318542462,27758.552699106,28257.9076462517,29135.1126166062,30210.6277847099,31014.0896504147,31272.1298893343,31601.2227576555,31834.1873427495
"World","WITCH 5.0",794,"ANNUAL",1,"Mt CO2/yr","NAVIGATE Demand-NPi-all","Emissions|CO2",39939.6280227209,,,,,40637.1886343815,32346.9118348448,29985.0819795893,27441.9003167133,25309.2320461132,22255.909667819,21530.8956220174,20798.0102221152,20163.7208852304,19551.9794238217,20033.9044560092,20775.7906761685,21591.1953184862,21820.2394792597,21954.037176328,22179.0722424721
"World","WITCH 5.0",795,"ANNUAL",1,"Mt CO2/yr","NAVIGATE Demand-NPi-ele","Emissions|CO2",39528.1488493918,,,,,41415.1911919711,34248.1806118923,31453.1113794086,29445.372332017,27482.6387844682,25642.9587371309,24123.2343744571,22924.8157783159,21769.5471331743,20671.9985602503,21038.5534056311,21713.3824434811,22500.4891541286,22752.9490926248,23010.1963049483,23236.0011326094
"World","WITCH 5.0",796,"ANNUAL",1,"Mt CO2/yr","NAVIGATE Demand-NPi-ref","Emissions|CO2",39528.1488493918,,,,,41214.2973142876,35888.6797502686,33648.325240895,32207.3934941873,31516.1912391259,31698.6510272006,31129.334920336,30687.2216881037,30472.8132875607,30845.4853016425,31747.6664968987,32918.4008138114,33797.00450476,34091.3168108559,34447.6135985704,34694.3538232524
"World","REMIND-Buildings 2.0",803,"ANNUAL",1,"Mt CO2/yr","BEG-Baseline","Emissions|CO2",42419.8558,,,,,44767.9492,48684.5935,52516.4002,54559.728,56330.8966,58346.3152,60690.4126,63555.8429,,66455.4199,,64513.0596,,58824.1042,,53373.113
"World","REMIND-Buildings 2.0",804,"ANNUAL",1,"Mt CO2/yr","BEG-Efficiency","Emissions|CO2",42419.8558,,,,,44130.9651,46995.3179,50389.4669,52204.6902,53781.1174,55747.6214,57965.8808,60967.1274,,64763.0013,,64478.056,,59782.8713,,54417.3251
"World","REMIND-MAgPIE 1.7-3.0",837,"ANNUAL",1,"Mt CO2/yr","CD-LINKS-No-Policy","Emissions|CO2",44930.9071,,,,,48187.9946,50890.5915,54091.4832,57830.7904,61534.8599,65153.2663,68097.0448,69147.2249,,69124.3418,,69234.5572,,66252.8004,,65476.0274
"World","REMIND 1.7",852,"ANNUAL",1,"Mt CO2/yr","CEMICS-Ref","Emissions|CO2",48906.9524,,,,,51141.0847,53477.3647,55919.5534,58313.4957,60646.4809,63334.7274,66193.7497,66898.6205,,66204.3089,,66351.371,,63378.5425,,62763.26
"World","IMAGE 3.0",883,"ANNUAL",1,"Mt CO2/yr","COMMIT-Current-Policies","Emissions|CO2",42094.1031939309,,,,,43480.61523832778,43322.65495185509,44175.26595453676,45272.15072026148,47107.2063844908,49581.17871544488,,53754.50781738677,,59215.60319548741,,65042.74219341298,,68313.11524058528,,70847.11133456565
"World","IMAGE 3.0",885,"ANNUAL",1,"Mt CO2/yr","COMMIT-NDCplus","Emissions|CO2",42040.05566788431,,,,,41392.41276417961,40061.52376666279,39739.11491246682,40002.74609738661,40077.07129270587,40811.68652714765,,43006.00391015963,,46523.61914485441,,48936.13900184458,,50079.99219205273,,51286.76595518326
"World","POLES GECO2019",888,"ANNUAL",1,"Mt CO2/yr","COMMIT-Baseline","Emissions|CO2",41338.35546875,,,,,45716.5546875,48965.9921875,50321.66796875,51022.10546875,51973.0859375,52490.59375,,53083.515625,,52563.0078125,,52839.51953125,,52964.8125,,50856.24609375
"World","POLES GECO2019",891,"ANNUAL",1,"Mt CO2/yr","COMMIT-Current-Policies","Emissions|CO2",40722.65234375,,,,,43432.62890625,45872.1015625,47238.671875,47782.171875,48891.4765625,49440.21484375,,50404.40625,,49733.0234375,,50144.859375,,50710.828125,,48341.12109375
"World","POLES GECO2019",892,"ANNUAL",1,"Mt CO2/yr","COMMIT-GPP","Emissions|CO2",40590.375,,,,,41141.44921875,37967.96875,34097.3515625,31655.7421875,29830.630859375,28897.951171875,,27317.248046875,,25981.00390625,,25371.736328125,,23767.58984375,,21365.28125
"World","POLES GECO2019",893,"ANNUAL",1,"Mt CO2/yr","COMMIT-GPP-No-Tax","Emissions|CO2",40602.94921875,,,,,44186.87890625,45636.84375,43384.33203125,42377.0859375,42358.28515625,42380.91015625,,42845.875,,41775.56640625,,43295.15625,,43960.7890625,,42594.53515625
"World","POLES GECO2019",894,"ANNUAL",1,"Mt CO2/yr","COMMIT-NDC-2050-Convergence","Emissions|CO2",40637.24609375,,,,,41480.94140625,40521.921875,39959.06640625,38160.3046875,36848.44921875,36227.35546875,,33849.8828125,,29857.685546875,,27898.99609375,,25793.828125,,23148.736328125
"World","POLES GECO2019",895,"ANNUAL",1,"Mt CO2/yr","COMMIT-NDCplus","Emissions|CO2",40637.24609375,,,,,41480.94140625,40521.921875,40552.06640625,40436.44921875,40365.3203125,40701.2265625,,39742.33984375,,37591.421875,,36391.6796875,,34738.4921875,,31930.365234375
"World","REMIND-MAgPIE 1.7-3.0",898,"ANNUAL",1,"Mt CO2/yr","COMMIT-Baseline","Emissions|CO2",46567.3997,,,,,49470.4037,51775.4494,54558.2505,57719.552,60764.1712,63730.9901,66174.1069,66784.7751,,66409.0134,,66388.2221,,63415.6842,,62928.0264
"World","REMIND-MAgPIE 1.7-3.0",900,"ANNUAL",1,"Mt CO2/yr","COMMIT-Current-Policies","Emissions|CO2",43492.5224,,,,,45054.8019,46741.8166,48472.395,49956.4333,51260.4577,53161.8392,55333.0297,56748.7528,,58608.9407,,61612.8208,,60872.8271,,60358.17
"World","WITCH 5.0",905,"ANNUAL",1,"Mt CO2/yr","COMMIT-Baseline","Emissions|CO2",39584.84946839946,,,,,41335.49866543266,42708.94248748549,44010.85040151047,44913.34874932204,45941.35903766949,46834.61847993797,47207.67122749722,47869.61699857309,48642.69587883828,49456.34350655632,50283.8170207179,50465.13559798717,50288.64888785745,50577.15037614914,50425.13022743704,50259.7308631312
"World","REMIND-MAgPIE 1.7-3.0",961,"ANNUAL",1,"Mt CO2/yr","EMF33-Baseline","Emissions|CO2",45022.8473,,,,,49300.867,52449.6022,55845.8854,59198.5038,62163.6306,64417.1053,66069.5196,66376.5258,,67231.918,,67290.7625,,62988.656,,58033.2295
"World","REMIND-MAgPIE 1.7-3.0",962,"ANNUAL",1,"Mt CO2/yr","EMF33-medium-2°C-cost100","Emissions|CO2",42521.1034,,,,,40763.3911,37192.389,33312.6985,30139.9484,26554.7451,24004.0852,21136.855,17559.1652,,10111.4054,,1116.4545,,-6760.7647,,-11532.3496
"World","REMIND-MAgPIE 1.7-3.0",963,"ANNUAL",1,"Mt CO2/yr","EMF33-medium-2°C-full","Emissions|CO2",42537.6244,,,,,41470.1253,38756.81339999999,36009.556,32613.6021,28536.9673,24809.9642,20130.733,14735.7288,,7858.277899999999,,1183.9431,,-6046.680600000001,,-10567.6141
"World","REMIND-MAgPIE 1.7-3.0",966,"ANNUAL",1,"Mt CO2/yr","EMF33-medium-2°C-nofuel","Emissions|CO2",42501.0619,,,,,40889.689,37500.16250000001,33613.845,29953.7787,25728.7126,22282.4615,18320.9284,13210.1799,,6104.4968,,699.7528000000002,,-4454.5921,,-7984.9453
"World","REMIND-MAgPIE 1.7-3.0",969,"ANNUAL",1,"Mt CO2/yr","EMF33-tax-hi-none","Emissions|CO2",44309.6309,,,,,41844.32,35696.1351,29835.8208,25112.9509,22150.3695,19805.5077,17684.6723,15357.0175,,11544.0456,,8730.022700000001,,6086.693799999999,,4539.7435
"World","REMIND-MAgPIE 1.7-3.0",970,"ANNUAL",1,"Mt CO2/yr","EMF33-tax-lo-full","Emissions|CO2",44344.8991,,,,,44352.4711,42143.8244,40371.4205,38853.5277,35550.8033,31568.1237,28080.9207,24075.5979,,18822.424,,14881.8051,,10626.9582,,8149.486
"World","REMIND-MAgPIE 1.7-3.0",971,"ANNUAL",1,"Mt CO2/yr","EMF33-tax-lo-none","Emissions|CO2",44286.0475,,,,,44161.5155,41989.374,40354.8215,38921.85179999999,35608.0152,32246.6622,29308.1861,26456.1076,,23881.7462,,22423.7488,,20337.6502,,19214.761
"World","GCAM 4.2",997,"ANNUAL",1,"Mt CO2/yr","SSP1-34","Emissions|CO2",35526.5604772095,,,,,35083.3172852008,34640.0740931921,34088.620377473155,33537.1666617542,31809.7163220223,30082.2659822904,,27347.8791396716,,20878.866526462,,11018.5054830569,,4100.07361854182,,-1345.6438203674
"World","GCAM 4.2",998,"ANNUAL",1,"Mt CO2/yr","SSP1-45","Emissions|CO2",35526.5604772095,,,,,36695.1155578584,37863.6706385073,38556.6088956206,39249.5471527339,38248.777366605296,37248.0075804767,,35779.8332489994,,32498.6574004103,,24544.5422431531,,17402.2377865194,,15369.0591151404
"World","GCAM 4.2",999,"ANNUAL",1,"Mt CO2/yr","SSP1-Baseline","Emissions|CO2",36838.7822052857,,,,,39289.483329021954,41740.1844527582,44164.057580733905,46587.9307087096,47315.35642606745,48042.7821434253,,49156.2938093803,,48076.4964593343,,44057.0571800055,,39667.8823036371,,34839.8462688793
"World","GCAM 4.2",1006,"ANNUAL",1,"Mt CO2/yr","SSP3-Baseline","Emissions|CO2",44618.2675483813,,,,,49121.8010876725,53625.3346269637,56917.6970980546,60210.0595691455,62519.69422324995,64829.3288773544,,70115.5402010455,,74798.138210326,,78272.3003801981,,80966.9957842684,,86114.0111041157
"World","IMAGE 3.2",1054,"ANNUAL",1,"Mt CO2/yr","SSP2021-SSP1-Baseline","Emissions|CO2",39948.15071977748,,,,,42315.53190488853,43210.42057684489,43060.30566797707,42109.90495174484,40972.3968136206,39398.48014681085,38055.30566752207,37946.69857115804,37738.06738624323,36700.40071948223,35649.98665688674,32780.63379204256,30555.06380486107,28085.58886974073,24443.90315977425,21800.63216344021
"World","IMAGE 3.2",1066,"ANNUAL",1,"Mt CO2/yr","SSP2021-SSP1-SPA1-34-Default","Emissions|CO2",39975.17448280077,,,,,40829.46842819094,38926.50781603877,36036.60156577605,32794.11881808545,28948.76302346504,25501.02929919328,22465.1027038652,20447.54085472345,18626.98177252669,15811.81787253119,13472.3860689331,11056.01603290614,9065.990886240848,6372.890462818937,4037.267659872232,1826.498281009144
"World","IMAGE 3.2",1067,"ANNUAL",1,"Mt CO2/yr","SSP2021-SSP1-SPA1-34-Lifestyle","Emissions|CO2",39729.87305048681,,,,,39674.57943069012,36650.52116218603,33630.16178691146,31075.67676063756,28941.80745705816,26392.55745682641,24625.63769755119,24033.33138239319,20803.84131048501,16207.9360366297,11482.3940440126,8482.569255328433,6513.162394797835,5013.689982552144,3877.474487657185,3224.144043261854
"World","IMAGE 3.2",1068,"ANNUAL",1,"Mt CO2/yr","SSP2021-SSP1-SPA1-34-Lifestyle-Renewables","Emissions|CO2",39911.26204789913,,,,,40229.93262084477,37754.49219093222,35196.32617507467,33017.62435195994,29626.96386988086,26784.94092040374,25572.24642159558,26158.35986565928,23797.49918836133,19537.02588068234,15864.73209779641,12800.70393996578,9031.883545742956,5985.144043512853,3934.821208040003,2960.3967084397
"World","IMAGE 3.2",1069,"ANNUAL",1,"Mt CO2/yr","SSP2021-SSP1-SPA1-34-Renewables","Emissions|CO2",39918.63476925397,,,,,39733.53971715381,37245.78157890681,33361.78971657455,30171.6106798262,26698.70442951049,23766.98779512939,21118.9472675449,19153.8860694496,17002.74690909779,14317.06128059843,12251.9500336659,10662.77677505788,8259.148763771665,5845.653158083506,4603.100301525234,3793.115194029725
"World","IMAGE 3.2",1070,"ANNUAL",1,"Mt CO2/yr","SSP2021-SSP2-Baseline","Emissions|CO2",40002.52767290743,,,,,43532.82943104086,47606.97233505707,49290.70638468931,51407.73014790259,53713.80566894557,55037.4365284409,54678.28581226242,54470.1666716185,55323.87695815444,55478.75781754352,56717.76172390616,57407.57129428137,57429.60710157504,55555.71842952968,54134.77767419218,50883.21419733408
"World","IMAGE 3.2",1083,"ANNUAL",1,"Mt CO2/yr","SSP2021-SSP2-SPA2-34-Default","Emissions|CO2",40002.89290728246,,,,,40371.94433960768,39764.88900101082,37980.69043314029,35437.95735999246,32744.4934925601,28045.2591171329,24578.92887593236,22128.31901242833,19642.65560074403,16149.20312646811,13804.28833133306,10215.97159923602,7483.358724638639,5220.086792466741,4785.953369575712,5426.124186691201
"World","IMAGE 3.2",1084,"ANNUAL",1,"Mt CO2/yr","SSP2021-SSP2-SPA2-34-Lifestyle","Emissions|CO2",39742.55957392546,,,,,39151.16276397586,35752.42773762522,32150.81575813113,31446.74056275463,30578.61067986321,27995.23095957627,25394.47217027734,23599.03369355162,21585.59326368108,18859.17057463113,16868.63964997101,14110.76294073592,12452.29362092369,11118.97599384936,10837.50830176648,11221.55851338993
"World","IMAGE 3.2",1085,"ANNUAL",1,"Mt CO2/yr","SSP2021-SSP2-SPA2-34-Lifestyle-Renewables","Emissions|CO2",39956.03190467403,,,,,39901.07129268987,37127.96842785444,33617.94433899368,33395.03320616091,33503.97331033748,31528.38118776205,28272.8090846015,24655.79996968936,21737.91032098659,18779.30241056138,15242.22412247941,12047.09741320456,10105.47298268951,9889.42521248758,10231.25415132074,11837.24340927924
"World","IMAGE 3.2",1086,"ANNUAL",1,"Mt CO2/yr","SSP2021-SSP2-SPA2-34-Renewables","Emissions|CO2",39927.76204790063,,,,,39533.34114942727,37328.35319349765,32149.42643521434,28694.08724219189,26529.67968991179,25780.34049713533,24292.91992408345,21087.2273782191,18721.34651862902,14971.93099094442,12788.61092238656,9969.945069265734,7562.44897529687,6811.328369759836,7037.616577788221,8360.33748448399
"World","IMAGE 3.2",1087,"ANNUAL",1,"Mt CO2/yr","SSP2021-SSP2-SPA2-45-Default","Emissions|CO2",40024.82129270112,,,,,40417.63086304933,40744.88086307908,41115.57943082111,42068.36491267856,41860.61100640967,40851.87305058881,39702.81348017185,39805.62695674369,40925.13476934547,40907.9365271564,40273.27376668204,37329.89290703946,33856.29915672367,30214.17838816341,27542.44238531636,25929.3435895968
"World","IMAGE 3.2",1088,"ANNUAL",1,"Mt CO2/yr","SSP2021-SSP2-SPA2-45-Lifestyle","Emissions|CO2",39760.34505569791,,,,,39160.73405303923,35933.22591472499,34077.20508122293,33722.42285462817,34693.39127919561,33819.82226869953,33641.13672180828,35099.53190423254,36952.84928721352,37650.10319352691,38494.64681339535,38496.55176131218,37041.94857107578,34874.72656567043,33381.86328428471,32220.64355761665
"World","IMAGE 3.2",1089,"ANNUAL",1,"Mt CO2/yr","SSP2021-SSP2-SPA2-45-Lifestyle-Renewables","Emissions|CO2",39760.38086298958,,,,,39202.1666702305,35946.35286785118,33476.31217752246,32725.38672172504,32235.66113574301,31214.64485960853,31316.82096638865,33374.86653949241,35789.74609700361,37080.70638357931,38001.95638366306,37325.45638360156,35505.0387402069,31781.2236357017,29258.11474875357,27301.18538659651
"World","IMAGE 3.2",1090,"ANNUAL",1,"Mt CO2/yr","SSP2021-SSP2-SPA2-45-Renewables","Emissions|CO2",39951.41276404861,,,,,39596.18652703715,38942.75000354025,37054.59928722277,38455.04752953758,37848.39681333659,37847.92057635738,38049.32943054236,39083.40462594887,40253.80176147194,38701.26204778913,36887.94857106178,32389.37825815282,27413.98014572135,23880.37695529595,20678.19531437983,20604.13330265435
"World","IMAGE 3.2",1091,"ANNUAL",1,"Mt CO2/yr","SSP2021-SSP3-Baseline","Emissions|CO2",39987.30957394771,,,,,44518.46810300546,51473.10710103354,53656.53190591953,56600.94043483304,59184.25391163038,61319.02018786612,62472.44466713764,60628.36914613667,61512.84505767541,62367.61524004478,63950.69857352203,65391.69857365303,66234.22982372962,66944.30990191917,68018.79362597519,68203.44466765864
"World","IMAGE 3.2",1092,"ANNUAL",1,"Mt CO2/yr","SSP2021-SSP4-Baseline","Emissions|CO2",39988.51986040615,,,,,43711.90885814047,46807.16276467186,47790.12305121955,48466.03581169767,48614.64681431535,48125.62305125006,47219.88476991771,46762.42871518863,46585.40462663087,45844.69857187603,44913.14681397885,43943.78971753656,42288.76595436526,40645.07161827834,38745.55566758482,37183.81347994284
"World","IMAGE 3.2",1093,"ANNUAL",1,"Mt CO2/yr","SSP2021-SSP5-Baseline","Emissions|CO2",39979.82943071786,,,,,45094.42838951616,55413.92871597513,63245.27344324957,72462.9010482542,79816.47982496438,85025.05144002121,89272.81315915738,90132.02344569382,91227.39714371008,90202.56381028357,87722.14258609974,82504.8053460421,79194.9010488662,74576.11133490465,70503.36133453439,66258.68620394017
"World","AIM/Hub-Global 2.0",1095,"ANNUAL",1,"Mt CO2/yr","SDI-2.5°C","Emissions|CO2",41236.1231,,,,,41180.3401,42232.045,42118.4815,42496.64490000001,40274.28220000002,37608.5717,35349.342,33052.8777,30778.3924,28345.7663,26059.8077,23708.0329,21626.9442,19585.9528,17824.7602,16085.7206
"World","AIM/Hub-Global 2.0",1097,"ANNUAL",1,"Mt CO2/yr","SDI-Baseline","Emissions|CO2",41959.38459999999,,,,,44482.4961,46164.21090000001,47660.83430000001,48813.08420000001,48811.93170000001,48315.0515,48857.0687,49587.266,50829.22069999999,52125.4787,52980.09300000001,53651.9477,54116.8659,53436.02799999999,52915.1516,52903.20890000001
"World","MESSAGEix-GLOBIOM 1.2",1135,"ANNUAL",1,"Mt CO2/yr","COVID-Shift-GreenPush_max_GDP","Emissions|CO2",42610.3661558191,42969.6871407093,43377.8591401045,43976.1003166263,44611.2202358424,45090.7639730858,47056.4156055893,49361.5671336161,51290.9085251709,54010.0024599182,56477.3493457687,59483.7436612316,61948.9072842626,,69022.2632155623,,78428.4889909346,,86502.6288792574,,92064.591012179
"World","MESSAGEix-GLOBIOM 1.2",1137,"ANNUAL",1,"Mt CO2/yr","COVID-Shift-NoPolicyNoCOVID","Emissions|CO2",44656.6529500549,44831.553699888,45205.6094425812,45683.7678149751,46259.2799880877,47065.4363165361,48019.1546841499,49353.1647352417,50613.4482178666,53075.8329420054,55583.1670853793,58031.1542339348,60350.0805635605,,63963.8528902402,,70400.1683834577,,78760.4305992108,,86787.9157019337
"World","MESSAGEix-GLOBIOM 1.2",1140,"ANNUAL",1,"Mt CO2/yr","COVID-Shift-Restore","Emissions|CO2",41564.6388567857,43007.4801891965,43061.110162303,43429.9237607299,43842.3355878086,44480.8713157039,45411.9297070712,46966.6590475909,48337.9342456367,50455.8373101333,52812.2349747736,55758.4357683067,58718.4906342677,,61684.1627204455,,67498.8220695067,,75388.4827206513,,83466.747035756
"World","MESSAGEix-GLOBIOM 1.2",1143,"ANNUAL",1,"Mt CO2/yr","COVID-Shift-SelfReliance","Emissions|CO2",41367.3701319952,43123.0215847285,43739.2563837072,44431.7634693431,45161.200216369,46087.3923361435,47179.9628506986,48856.457974065,50425.9165996108,52668.1965640639,55213.5700697928,58346.6945331556,61185.7359891863,,63865.1190197367,,70128.7151136207,,78985.4618303716,,87227.7770731504
"World","MESSAGEix-GLOBIOM 1.2",1146,"ANNUAL",1,"Mt CO2/yr","COVID-Shift-SelfReliance_max_GDP","Emissions|CO2",42720.1125219282,44854.9024364589,45778.822209366,46686.2103566884,47594.1869025128,48464.3897367034,50811.3776954731,53618.0001701857,55987.9770322267,58703.5935155202,61249.7334673858,64177.5383115946,65531.3250148664,,74483.3239597935,,85103.5532419541,,93537.6531854814,,98580.0631375424
"World","MESSAGEix-GLOBIOM 1.2",1148,"ANNUAL",1,"Mt CO2/yr","COVID-Shift-SmartUse","Emissions|CO2",41431.7208604082,42632.463234317,42919.7445778803,43382.3499672148,43892.6535013871,44584.0080973209,45499.2136603764,46997.8504305942,48368.3911588276,50463.9148379047,52809.9011168165,55908.169331442,59302.0421358327,,62042.4516477147,,67366.5212118802,,75237.3303264674,,83794.0893760493
"World","REMIND 2.1",1186,"ANNUAL",1,"Mt CO2/yr","LeastTotalCost-Base-brkLR15-SSP1-P50","Emissions|CO2",39229.4274,,,,,41523.4096,44658.4225,46234.5703,44869.0485,42096.4416,37467.4775,33078.3067,30697.3342,,25588.8742,,20233.9817,,15056.3571,,11192.5642
"World","REMIND 2.1",1187,"ANNUAL",1,"Mt CO2/yr","LeastTotalCost-Base-brkLR15-SSP2-P50","Emissions|CO2",40484.0756,,,,,43868.2549,47936.2934,50803.9132,52092.3029,53611.459,55075.1098,56597.7547,57439.0126,,56467.8118,,52693.4222,,46531.9978,,40838.5992
"World","REMIND 2.1",1188,"ANNUAL",1,"Mt CO2/yr","LeastTotalCost-Base-brkLR15-SSP5-P50","Emissions|CO2",40434.4971,,,,,47191.9666,56454.9045,64931.5233,70201.026,75142.8233,81279.6226,87877.985,93546.7843,,99459.1284,,95789.0861,,84686.0131,,73131.7243
"World","REMIND 2.1",1189,"ANNUAL",1,"Mt CO2/yr","LeastTotalCost-Base-brkSR15-SSP1-P50","Emissions|CO2",39246.5667,,,,,41531.0148,44658.9191,46340.4556,45210.2156,42599.9461,38174.4837,33914.1149,31477.2678,,26208.4785,,20432.3449,,14919.2294,,10923.0501
"World","REMIND 2.1",1190,"ANNUAL",1,"Mt CO2/yr","LeastTotalCost-Base-brkSR15-SSP2-P50","Emissions|CO2",40498.1566,,,,,43866.2275,48054.6239,51147.193,52755.6008,54742.0205,56687.6503,58491.1891,59529.8485,,58800.0305,,54715.4097,,47720.0301,,41193.3716
"World","REMIND 2.1",1191,"ANNUAL",1,"Mt CO2/yr","LeastTotalCost-Base-brkSR15-SSP5-P50","Emissions|CO2",40519.0222,,,,,47284.217,56578.3931,65187.3845,71053.3241,76723.0463,83005.4059,89694.9719,95495.2271,,102528.4068,,99719.3861,,88016.2479,,75371.643
"World","REMIND 2.1",1213,"ANNUAL",1,"Mt CO2/yr","R2p1-SSP1-Baseline","Emissions|CO2",40112.4434,,,,,40573.249,43157.1061,44792.776,43561.6386,40687.8084,36320.702,32150.8835,29408.7646,,24157.2538,,19504.8917,,15410.0257,,12385.5075
"World","REMIND 2.1",1219,"ANNUAL",1,"Mt CO2/yr","R2p1-SSP2-Baseline","Emissions|CO2",40681.8027,,,,,42662.2177,46496.1575,49296.9864,50658.0637,52311.5674,54243.842,56100.1763,57347.71,,57556.4887,,55778.5302,,52108.0807,,48591.7466
"World","REMIND 2.1",1225,"ANNUAL",1,"Mt CO2/yr","R2p1-SSP5-Baseline","Emissions|CO2",41486.854,,,,,46088.7103,55281.6372,64444.2709,70938.7038,77169.4406,84270.9538,91822.4805,98793.0381,,109330.0059,,111418.1152,,103898.1686,,93966.4725
"World","REMIND-MAgPIE 1.7-3.0",1252,"ANNUAL",1,"Mt CO2/yr","PEP-NPi","Emissions|CO2",43492.5224,,,,,45054.8019,46741.8166,48472.395,49956.4333,51260.4577,53161.8392,55333.0297,56748.7528,,58608.9407,,61612.8208,,60872.8271,,60358.17
"World","REMIND-MAgPIE 1.7-3.0",1254,"ANNUAL",1,"Mt CO2/yr","PEP-NoPolicy","Emissions|CO2",48092.4573,,,,,51004.9029,53343.5088,56157.9131,59330.9954,62390.6769,65380.2227,67836.7371,68436.4579,,68071.9155,,68043.2322,,65156.4916,,64635.011
"World","REMIND-MAgPIE 2.1-4.3",1263,"ANNUAL",1,"Mt CO2/yr","DeepElectrification-SSP2-Baseline","Emissions|CO2",43607.9288,,,,,46082.1784,48391.3879,50163.7962,50453.0564,50194.3107,50636.292,50789.238,49878.3502,,47050.8809,,42904.6205,,37481.7088,,33478.6144
"World","REMIND-MAgPIE 2.1-4.3",1270,"ANNUAL",1,"Mt CO2/yr","DeepElectrification-SSP2-NPi","Emissions|CO2",42883.9907,,,,,44864.4422,46544.2362,48015.2659,48323.9333,47891.8371,47576.5367,46760.08,45323.8758,,42701.8031,,39586.4728,,34711.458,,30045.2618
"World","REMIND 1.6",1316,"ANNUAL",1,"Mt CO2/yr","EMF30-BCOC-EndU","Emissions|CO2",46437.2964216,,,,,48794.9274772,51583.3951975,54903.371995,58233.75836880001,61254.4408714,64428.86831000001,,68935.8410647,,68116.0973465,,68069.65726590001,,64598.8340094,,63480.05583509999
"World","REMIND 1.6",1317,"ANNUAL",1,"Mt CO2/yr","EMF30-Baseline","Emissions|CO2",46143.7016856,,,,,49050.3288339,52030.3294868,55246.36098680001,58447.4217296,61499.045852,64636.0397638,,68270.3467929,,67349.0490443,,67086.5922156,,63712.63140880001,,62903.2133806
"World","REMIND 1.6",1318,"ANNUAL",1,"Mt CO2/yr","EMF30-CH4-Only","Emissions|CO2",45902.341189,,,,,47224.0844613,48804.14592990001,50710.96932890001,52830.4163514,55099.0271515,57917.0353169,,63186.2763322,,64987.4755797,,67085.03527719999,,64489.77445319999,,61408.83485499999
"World","REMIND 1.6",1319,"ANNUAL",1,"Mt CO2/yr","EMF30-D-BCOC-Red","Emissions|CO2",46143.7016856,,,,,49050.3288339,52030.3294868,55246.36098680001,58447.4217296,61499.045852,64636.0397638,,68270.3467929,,67349.0490443,,67086.5922156,,63712.63140880001,,62903.2133806
"World","REMIND 1.6",1320,"ANNUAL",1,"Mt CO2/yr","EMF30-D-CH4-ClimatePolicy","Emissions|CO2",46652.25386030001,,,,,48615.4622179,50403.2498743,52366.09524040001,54537.26140680001,56951.9374255,59977.0694727,,65221.3938987,,67173.83988330001,,70636.8700332,,64729.26701769999,,51374.40116469999
"World","REMIND 1.6",1321,"ANNUAL",1,"Mt CO2/yr","EMF30-D-Frozen-CH4","Emissions|CO2",47082.1973814,,,,,49693.8973362,52545.1604656,55684.37169580001,58763.9129291,61604.0450202,64604.9369796,,68640.22867509999,,67812.2019118,,67890.7119007,,64600.57004990001,,63436.35862380001
"World","REMIND 1.6",1322,"ANNUAL",1,"Mt CO2/yr","EMF30-D-Frozen-EF","Emissions|CO2",46291.5795596,,,,,49298.6685896,52358.27575380001,55591.8137268,58727.33232430001,61672.7861197,64727.89093459999,,68107.5034532,,66949.2054608,,66869.777877,,63618.881243,,62742.6623472
"World","REMIND 1.6",1323,"ANNUAL",1,"Mt CO2/yr","EMF30-D-Frozen-EF-EndU","Emissions|CO2",46142.9904748,,,,,49037.6231073,52000.0359339,55195.5833518,58384.34591590001,61439.94919169999,64588.2459189,,68251.7893242,,67358.08396460001,,67075.839344,,63726.7822393,,62847.0640278
"World","REMIND 1.6",1324,"ANNUAL",1,"Mt CO2/yr","EMF30-D-Frozen-EF-SLCF","Emissions|CO2",46170.8083929,,,,,49079.90019080001,52053.826377,55251.8110003,58431.7730094,61473.12816189999,64599.906259,,68219.24332940001,,67281.7035857,,67028.94824730001,,63701.8349032,,62831.64187180001
"World","REMIND 1.6",1325,"ANNUAL",1,"Mt CO2/yr","EMF30-SLCF","Emissions|CO2",45771.2099898,,,,,47554.80762180001,50112.3853899,53313.3103119,56644.1588572,59682.32685680001,62913.86541009999,,67876.3484727,,67511.5392893,,67878.12957769999,,64492.3220464,,61883.97740630001
"World","REMIND 1.6",1326,"ANNUAL",1,"Mt CO2/yr","EMF30-Slower-Action","Emissions|CO2",45732.4726118,,,,,42057.92210819999,39259.2525824,40225.4860973,40003.4432061,40119.78296449999,40921.736686,,41981.3771068,,42519.929355,,43927.3855625,,43405.6053035,,42845.41545380001
"World","REMIND 1.7",1377,"ANNUAL",1,"Mt CO2/yr","ADVANCE-NoPolicy","Emissions|CO2",47213.4861,,,,,49942.5758,52728.9571,55709.8682,58828.1526,61927.5302,65254.7484,68405.4388,69321.4301,,68868.3631,,69159.5508,,66070.9651,,65230.8817
"World","REMIND 1.7",1378,"ANNUAL",1,"Mt CO2/yr","ADVANCE-Reference","Emissions|CO2",45171.8828,,,,,45884.8297,47402.9403,49082.9777,51125.9574,53188.0386,55913.2269,58984.2241,61018.2133,,63384.2224,,65729.2585,,63955.9838,,62394.8191
"World","REMIND-MAgPIE 2.0-4.1",1383,"ANNUAL",1,"Mt CO2/yr","Diff-NoPolicy-Baseline","Emissions|CO2",41857.8871,,,,,46172.4777,51507.3396,55502.611,57525.9488,59073.2877,59945.9699,60375.3735,60908.9779,,60173.0546,,57883.1276,,54616.0632,,51237.1115
"World","GCAM 5.3",1384,"ANNUAL",1,"Mt CO2/yr","NGFS Phase 2-Current Policies","Emissions|CO2",41748.37734,,,,,42870.42878,43254.56569,44092.38302,43654.92957,43423.74654,42993.37337,44085.21373,44816.83483,45735.58264,46162.81202,46702.60411,47606.18359,47749.91614,47904.23704,48510.54124,47172.66278
"World","GCAM 5.3",1385,"ANNUAL",1,"Mt CO2/yr","NGFS Phase 2-Delayed Transition","Emissions|CO2",41748.37734,,,,,42870.42878,43254.56569,30460.79935,22589.82736,14167.74964,6438.37365,1348.757383,-4040.52607,-6862.14396,-8725.110715,-10265.9917,-11696.99491,-13100.15204,-11003.62851,-8984.707472,-6842.030879
"World","GCAM 5.3",1387,"ANNUAL",1,"Mt CO2/yr","NGFS Phase 2-Nationally Determined Contributions (NDCs)","Emissions|CO2",42010.31911,,,,,41518.27463,39157.19664,36726.45253,34248.83416,31693.52141,28901.92345,27006.10344,24433.93579,21956.86377,19003.33888,18494.58393,18505.71597,17889.87624,17419.85933,16434.6627,15817.73405
"World","REMIND-MAgPIE 2.1-4.2",1394,"ANNUAL",1,"Mt CO2/yr","NGFS Phase 2-Current Policies","Emissions|CO2",39860.8605,,,,,41286.5474,42659.5044,43132.5131,42609.5393,42184.7986,41927.3645,41317.8662,40758.6602,,39453.8632,,38015.7717,,34313.0742,,30117.5566
"World","REMIND-MAgPIE 2.1-4.2",1395,"ANNUAL",1,"Mt CO2/yr","NGFS Phase 2-Current Policies [IPD 95th]","Emissions|CO2",39802.9992,,,,,41112.1752,42356.506,42657.8617,41822.8632,41042.1175,40418.565,39546.3812,38859.9138,,37281.4625,,35470.045,,31492.3544,,27349.2381
"World","REMIND-MAgPIE 2.1-4.2",1396,"ANNUAL",1,"Mt CO2/yr","NGFS Phase 2-Current Policies [IPD Median]","Emissions|CO2",39809.6882,,,,,41144.5844,42411.9037,42757.4442,42020.6773,41362.1796,40881.6567,40124.6417,39496.8017,,38070.1019,,36440.6285,,32640.0565,,28558.6583
"World","REMIND-MAgPIE 2.1-4.2",1399,"ANNUAL",1,"Mt CO2/yr","NGFS Phase 2-Nationally Determined Contributions (NDCs)","Emissions|CO2",39860.8605,,,,,40871.447,40720.6268,38904.9091,34834.1072,30650.1555,27857.6203,25455.2738,23566.9025,,18119.0731,,14001.3706,,10084.444,,7721.1935
"World","REMIND-MAgPIE 1.7-3.0",1412,"ANNUAL",1,"Mt CO2/yr","SMP-Reference-Default","Emissions|CO2",48898.9971,,,,,51483.4788,53466.6123,55510.7982,57896.4289,60226.8894,62707.1835,65490.871,66372.0061,,65730.357,,65825.4135,,63047.0124,,62537.304
"World","REMIND-MAgPIE 1.7-3.0",1413,"ANNUAL",1,"Mt CO2/yr","SMP-Reference-Sustainable","Emissions|CO2",45815.9374,,,,,44212.7897,44067.0239,47604.8447,51909.0621,55408.4974,58130.1313,59957.6219,60009.8226,,57561.1806,,52279.1198,,43813.8156,,39342.6302
"World","REMIND-MAgPIE 3.2-4.6",1432,"ANNUAL",1,"Mt CO2/yr","SHAPE-SSP2-NPi [with Climate Change Impacts]","Emissions|CO2",43697.0061,,,,,43370.6672,43809.1909,43943.4913,43640.4521,43505.3821,44867.84,46323.3714,48195.0849,,46931.8149,,44165.7402,,39699.9052,,34014.0993
"World","REMIND 3.5",1434,"ANNUAL",1,"Mt CO2/yr","Rescuing-1.5°C-Highest-Possible-Ambition","Emissions|CO2",43958.48038940001,,,,,43618.475337,35222.0770092,19070.4789288,6030.727835199999,-1029.8913111,-4326.928263500001,-5848.5423592,-6973.195609400002,,-8324.4742057,,-8021.0576658,,-7905.5046432,,-7859.981077899999
"World","REMIND-MAgPIE 3.2.0-4.8.0",1435,"ANNUAL",1,"Mt CO2/yr","RESCUE-End-of-Century-Budget-1150","Emissions|CO2",42797.7163014,,,,,41954.52423510001,44173.0846643,39899.5417167,31745.60437779999,25263.2816233,20516.1234204,16284.7463216,12230.44,,4596.471722099999,,-1832.1485767,,-10078.5719931,,-18386.0950246
"World","REMIND-MAgPIE 3.2.0-4.8.0",1436,"ANNUAL",1,"Mt CO2/yr","RESCUE-End-of-Century-Budget-1150-with-OAE","Emissions|CO2",42797.7163014,,,,,41954.52423510001,44173.0846643,39956.3430278,31991.1699345,25419.5609203,20702.0774374,16629.8432468,12610.6052979,,5042.204845699999,,-1504.8480847,,-11084.8244589,,-18214.0325929
"World","TIAM-ECN 1.1",1457,"ANNUAL",1,"Mt CO2/yr","ENGAGE-INDCi2030-1400","Emissions|CO2",42060.01173018408,,,,,40612.0825694178,39164.15340865152,35947.165551272745,32730.17769389398,28259.87524958634,23789.5728052787,,12668.46923485569,,3773.722655348138,,-0.014396254122615,,-0.001344349104243,,0.007178610130381
"World","TIAM-ECN 1.1",1458,"ANNUAL",1,"Mt CO2/yr","ENGAGE-INDCi2030-1400f","Emissions|CO2",42060.01173018408,,,,,40612.0825694178,39164.15340865152,36483.123089608715,33802.09277056591,29989.92235641544,26177.75194226497,,15432.9810366456,,6410.357372086762,,-682.4360776730558,,-5383.066315074225,,-5567.955503793631
"World","TIAM-ECN 1.1",1459,"ANNUAL",1,"Mt CO2/yr","ENGAGE-INDCi2030-1600","Emissions|CO2",42060.01173018408,,,,,40612.0825694178,39164.15340865152,37133.09747803581,35102.0415474201,32451.12841490169,29800.21528238328,,17272.15752468123,,8374.167422995788,,913.467488585129,,-0.001881194522042,,-0.0001117766955331
"World","TIAM-ECN 1.1",1460,"ANNUAL",1,"Mt CO2/yr","ENGAGE-INDCi2030-1600f","Emissions|CO2",42060.01173018408,,,,,40612.0825694178,39164.15340865152,37212.28865852917,35260.42390840682,32905.34752159967,30550.27113479253,,20799.68037526803,,9571.003884782987,,796.911361311033,,-3805.855782593481,,-3403.319028797452
"World","TIAM-ECN 1.1",1461,"ANNUAL",1,"Mt CO2/yr","ENGAGE-INDCi2030-2000","Emissions|CO2",42060.01139826786,,,,,40612.08244171321,39164.15348515855,38242.020879230855,37319.88827330315,36331.614177736476,35343.3400821698,,28677.24081573157,,20850.91025659065,,8392.72168787455,,116.2482820813916,,1522.399455964505
"World","TIAM-ECN 1.1",1462,"ANNUAL",1,"Mt CO2/yr","ENGAGE-INDCi2030-2000f","Emissions|CO2",42060.01084443989,,,,,40612.08208719385,39164.1533299478,38242.03264313216,37319.91195631652,36331.67551614075,35343.43907596498,,28677.24381096317,,20850.93384203922,,8392.735105767759,,116.1572343164194,,1522.240667805889
"World","TIAM-ECN 1.1",1463,"ANNUAL",1,"Mt CO2/yr","ENGAGE-INDCi2030-2500","Emissions|CO2",42060.01173018408,,,,,40612.0825694178,39164.15340865152,39473.49651181366,39782.83961497581,39340.62203394257,38898.40445290933,,35390.1108622384,,30733.27834055179,,21047.20872705461,,9577.278654562682,,15066.35319853649
"World","TIAM-ECN 1.1",1464,"ANNUAL",1,"Mt CO2/yr","ENGAGE-INDCi2030-2500f","Emissions|CO2",42060.01173018408,,,,,40612.0825694178,39164.15340865152,39473.52825837891,39782.9031081063,39340.96559151254,38899.02807491878,,35390.78549996109,,30734.53870814352,,21047.58928351022,,9577.182781767744,,15068.82518366914
"World","TIAM-ECN 1.1",1465,"ANNUAL",1,"Mt CO2/yr","ENGAGE-INDCi2030-3000","Emissions|CO2",42060.01173018408,,,,,40612.0825694178,39164.15340865152,40333.116954772806,41502.0805008941,41375.99612141853,41249.91174194295,,39300.1300991394,,37224.67303574576,,33625.39856337656,,26189.03824657412,,27742.26782002928
"World","TIAM-ECN 1.1",1466,"ANNUAL",1,"Mt CO2/yr","ENGAGE-INDCi2030-3000f","Emissions|CO2",42060.01173,,,,,,39164.15341,,41499.76537,,41219.34966,,39284.89718,,37168.98977,,33541.50904,,25972.90255,,27552.98247
"World","TIAM-ECN 1.1",1469,"ANNUAL",1,"Mt CO2/yr","ENGAGE-INDCi2100","Emissions|CO2",42060.01173018408,,,,,,39164.15340865152,,43257.65575624557,,45304.4965904648,,44623.52531433349,,45017.00267820052,,46179.67138003782,,47243.66166146908,,49841.22940811225
"World","TIAM-ECN 1.1",1470,"ANNUAL",1,"Mt CO2/yr","ENGAGE-INDCi2100-COV","Emissions|CO2",42060.01698,,,,,,39164.15411,,42666.03976,,44467.56159,,43578.64897,,43953.55993,,45034.18498,,46143.69108,,48836.13595
"World","TIAM-ECN 1.1",1471,"ANNUAL",1,"Mt CO2/yr","ENGAGE-INDCi2100-NDCp","Emissions|CO2",42060.01095794428,,,,,,39272.05788101824,,44067.84840960692,,46446.90919118616,,45922.76477388034,,46349.59359026638,,47218.17674667013,,47566.37871432232,,49912.21818700324
"World","TIAM-ECN 1.1",1478,"ANNUAL",1,"Mt CO2/yr","ENGAGE-NPi2020-1400","Emissions|CO2",41222.20941623097,,,,,,38499.28842782607,,32833.19150957205,,23906.42449514847,,12719.13427341401,,3922.398359683724,,0.0003204700289529,,0.002842048163131,,0.00524089092228
"World","TIAM-ECN 1.1",1479,"ANNUAL",1,"Mt CO2/yr","ENGAGE-NPi2020-1400f","Emissions|CO2",41402.57491596876,,,,,,39224.02398802468,,34018.63476669278,,26154.56518656682,,15172.38630988942,,6419.760072961597,,-826.8254829076634,,-5479.047626872313,,-5786.537861729739
"World","TIAM-ECN 1.1",1480,"ANNUAL",1,"Mt CO2/yr","ENGAGE-NPi2020-1600","Emissions|CO2",41558.5476211124,,,,,,40591.85165197598,,35308.14919567349,,29473.4343410708,,16681.87023570892,,7846.265082237013,,310.6046117354929,,-0.065311290378105,,0.015684454133804
"World","TIAM-ECN 1.1",1481,"ANNUAL",1,"Mt CO2/yr","ENGAGE-NPi2020-1600f","Emissions|CO2",41569.05401755616,,,,,,40809.59728439702,,35610.41789035788,,30224.57505584864,,20191.57068010689,,8657.75719220593,,246.6087394342506,,-4170.327330277581,,-2609.766891087364
"World","TIAM-ECN 1.1",1482,"ANNUAL",1,"Mt CO2/yr","ENGAGE-NPi2020-2000","Emissions|CO2",41929.60767093706,,,,,,42269.07219850645,,38553.22871917019,,35863.82036338805,,27623.83180789373,,19085.54432793941,,6631.238226725513,,0.004460179927491001,,0.012237507664053
"World","TIAM-ECN 1.1",1483,"ANNUAL",1,"Mt CO2/yr","ENGAGE-NPi2020-2000f","Emissions|CO2",41941.34464194897,,,,,,42306.69483844693,,38646.69459433405,,35937.87825338674,,28053.25934626178,,19370.34278542234,,6702.730315190754,,-649.0012408231158,,-695.4152908879296
"World","TIAM-ECN 1.1",1484,"ANNUAL",1,"Mt CO2/yr","ENGAGE-NPi2020-2500","Emissions|CO2",42447.0313789776,,,,,,43436.80241309031,,40856.29787576165,,38927.93810562933,,34617.65938828875,,28397.42003182807,,19800.41388337605,,8509.797418818267,,13443.4914636869
"World","TIAM-ECN 1.1",1485,"ANNUAL",1,"Mt CO2/yr","ENGAGE-NPi2020-2500f","Emissions|CO2",42447.0358088734,,,,,,43436.7983457308,,40856.321967269,,38927.78993033796,,34617.70397104144,,28397.34833868129,,19800.53291727356,,8509.862931390555,,13443.44133174901
"World","TIAM-ECN 1.1",1486,"ANNUAL",1,"Mt CO2/yr","ENGAGE-NPi2020-3000","Emissions|CO2",42610.30487069047,,,,,,43997.70447535271,,42198.05336992097,,41236.2686926754,,38665.86295311528,,36103.54810677352,,32165.15167867162,,24182.97226128961,,25273.83060890539
"World","TIAM-ECN 1.1",1487,"ANNUAL",1,"Mt CO2/yr","ENGAGE-NPi2020-3000f","Emissions|CO2",42610.09092283819,,,,,,43997.71575573363,,42198.02666188148,,41236.34408464848,,38665.89380516176,,36103.47209890177,,32165.12380156689,,24183.04759002454,,25273.94498419343
"World","TIAM-ECN 1.1",1492,"ANNUAL",1,"Mt CO2/yr","ENGAGE-NPi2100","Emissions|CO2",44025.31965967368,,,,,,46001.57373555845,,45273.53840083221,,47215.00636619407,,46126.43747867112,,45649.22679477993,,46126.48685200368,,47110.56740548449,,49959.35336960797
"World","TIAM-ECN 1.1",1493,"ANNUAL",1,"Mt CO2/yr","ENGAGE-NPi2100-COV","Emissions|CO2",42158.71114200394,,,,,,44556.14020977452,,43044.21905752581,,44936.6803102596,,43648.0909285207,,43824.52268032036,,45008.1737164237,,46094.31351037083,,49103.22150732023
"World","WITCH 5.0",1498,"ANNUAL",1,"Mt CO2/yr","ENGAGE-INDCi2030-1200","Emissions|CO2",36684.17587829813,,,,,37103.45576119963,35217.10673784596,25173.57707656858,19753.50341413485,16792.94312911053,14068.3266789787,11444.03748986004,9164.881872620756,7508.546261029655,5875.713192250933,3836.216738707149,1314.85434282892,-867.329965595131,-1696.291037424397,-1782.941192161086,-1743.067845127703
"World","WITCH 5.0",1499,"ANNUAL",1,"Mt CO2/yr","ENGAGE-INDCi2030-1200-NDCp","Emissions|CO2",36696.91251560105,,,,,37732.34993540272,32303.63212088844,24909.08290635441,19844.90447879647,16956.99120224204,14319.80491255474,11775.56551528259,9602.407611135855,7718.664316341321,6055.348227088508,4173.875797772276,1807.322509979452,-118.003931043027,-1705.199049755599,-1809.506849888874,-1764.630651655035
"World","WITCH 5.0",1500,"ANNUAL",1,"Mt CO2/yr","ENGAGE-INDCi2030-1200f","Emissions|CO2",36684.17587829813,,,,,37103.45576119963,35217.10673784596,25831.53714665501,20442.6938171339,17492.61425747643,15007.12356257767,12355.34623682301,9911.567577512644,7840.978791356114,6169.295932990266,4367.309214881917,2179.207617787971,-296.9854410398528,-2788.085860081425,-5026.3399438731,-6779.030074138159
"World","WITCH 5.0",1501,"ANNUAL",1,"Mt CO2/yr","ENGAGE-INDCi2030-1200f-NDCp","Emissions|CO2",36696.91251560105,,,,,37732.34993540272,32303.63212088844,25690.15624962762,20620.03978215599,17773.09496487733,15375.836361333,12812.06009974056,10372.58651736004,8255.960186363847,6408.03195247721,4667.27142255464,2452.436408354165,-103.0093467920182,-2709.869904411073,-5054.998812099869,-7514.035250600761
"World","WITCH 5.0",1502,"ANNUAL",1,"Mt CO2/yr","ENGAGE-INDCi2030-1400","Emissions|CO2",36684.17587829813,,,,,37103.45576119963,35217.10673784596,27350.81035390663,22193.5397813218,19468.20301339776,17195.96864166873,14958.53102151872,12715.47136516514,10741.95848557339,9132.5140899889,7591.649204004635,5770.40568816678,3843.359364256916,1145.845006524298,-1010.062940273136,-1619.31291654082
"World","WITCH 5.0",1503,"ANNUAL",1,"Mt CO2/yr","ENGAGE-INDCi2030-1400-NDCp","Emissions|CO2",36696.91251560105,,,,,37732.34993540272,32303.63212088844,27062.34825855344,22154.85596618585,19532.37842555205,17386.6401648388,15189.11709475217,13102.68607770209,11267.84581263277,9382.551434442754,7776.085932295288,6056.702662167235,4138.78792696058,1551.212105547147,-858.3508034593466,-1713.813651912817
"World","WITCH 5.0",1504,"ANNUAL",1,"Mt CO2/yr","ENGAGE-INDCi2030-1400f","Emissions|CO2",36684.17587829813,,,,,37103.45576119963,35217.10673784596,27498.58434000191,22190.09055553473,19417.05213067017,17226.24895566362,15102.97226928316,12812.48095552026,10805.12570729844,8947.08101602025,7335.514101629495,5575.445429857236,3727.590322401447,1489.13955057535,-736.3109795038706,-2752.590355751412
"World","WITCH 5.0",1505,"ANNUAL",1,"Mt CO2/yr","ENGAGE-INDCi2030-1400f-NDCp","Emissions|CO2",36696.91251560105,,,,,37732.34993540272,32303.63212088844,27369.57736668585,22524.46586878292,19702.05520612769,17563.12100901527,15513.9740731044,13321.1275699186,11373.7218454327,9323.97855732369,7630.608826442213,5637.692227295514,3689.537764001302,1392.1034612673,-1040.168935930155,-3288.369278579623
"World","WITCH 5.0",1506,"ANNUAL",1,"Mt CO2/yr","ENGAGE-INDCi2030-1600","Emissions|CO2",36684.17587829813,,,,,37103.45576119963,35217.10673784596,28972.02295223244,24914.46189658009,21325.90687067177,19295.95706982668,17264.57508257666,15510.35282963442,13738.17167816175,11857.61787943546,10143.61222608655,8671.274644508672,7251.703280296139,5649.39940620885,4127.755188210995,2398.031946646641
"World","WITCH 5.0",1507,"ANNUAL",1,"Mt CO2/yr","ENGAGE-INDCi2030-1600-NDCp","Emissions|CO2",36696.91251560105,,,,,37732.34993540272,32303.63212088844,28958.02516087785,25026.56517786022,21498.75363543887,19423.27074413906,17599.72823897631,15995.25960499972,14392.97506827701,12575.66132899955,10723.87997154908,8582.015621325569,6970.116381103184,5180.03905353904,3573.596022238737,1824.945883912482
"World","WITCH 5.0",1508,"ANNUAL",1,"Mt CO2/yr","ENGAGE-INDCi2030-1600f","Emissions|CO2",36684.17587829813,,,,,37103.45576119963,35217.10673784596,29112.94227806513,25097.77402234159,21348.16993385761,19348.90380640534,17480.75815092757,15785.12348813511,13990.10731973602,12139.62760214513,10279.55131196141,8274.341826820575,6722.362957865045,5209.015999110821,3820.199474034811,2214.55366614471
"World","WITCH 5.0",1509,"ANNUAL",1,"Mt CO2/yr","ENGAGE-INDCi2030-1600f-NDCp","Emissions|CO2",36696.91251560105,,,,,37732.34993540272,32303.63212088844,29148.32229460652,25175.01842803159,21524.49472472089,19607.39312432284,17799.3495448108,16202.69859222085,14490.3955414514,12702.79106564973,10683.8882640675,8424.081525659709,6723.135368410358,4998.677294854287,3477.913621500423,1823.378446000458
"World","WITCH 5.0",1510,"ANNUAL",1,"Mt CO2/yr","ENGAGE-INDCi2030-1800","Emissions|CO2",36684.17587829813,,,,,37103.45576119963,35217.10673784596,31000.06135176944,26916.03891853822,24561.42015676582,21613.84788909131,19948.50303242481,18740.68673854326,17372.3509996389,15736.03765774617,14015.19507554729,11786.53149219245,9700.197540916071,8110.313370888421,6854.562251252377,5540.867127190324
"World","WITCH 5.0",1511,"ANNUAL",1,"Mt CO2/yr","ENGAGE-INDCi2030-1800-NDCp","Emissions|CO2",36696.91251560105,,,,,37732.34993540272,32303.63212088844,30764.6506673954,26860.26638629696,24666.79730456048,21959.50021830952,20211.489615874,19018.74011604351,17698.55408210424,16224.06459847791,14508.46459541318,12166.96907665786,10058.34091653651,8017.18598926152,6682.44616225443,5234.253303692797
"World","WITCH 5.0",1512,"ANNUAL",1,"Mt CO2/yr","ENGAGE-INDCi2030-1800f","Emissions|CO2",36684.17587829813,,,,,37103.45576119963,35217.10673784596,31000.06135176944,26916.03891853822,24561.42015676582,21613.84788909131,19948.50303242481,18740.68673854326,17372.3509996389,15736.03765774617,14015.19507554729,11786.53149219245,9700.197540916071,8110.313370888421,6854.562251252377,5540.867127190324
"World","WITCH 5.0",1513,"ANNUAL",1,"Mt CO2/yr","ENGAGE-INDCi2030-1800f-NDCp","Emissions|CO2",36696.91251560105,,,,,37732.34993540272,32303.63212088844,30764.6506673954,26860.26638629696,24666.79730456048,21959.50021830952,20211.489615874,19018.74011604351,17698.55408210424,16224.06459847791,14508.46459541318,12166.96907665786,10058.34091653651,8017.18598926152,6682.44616225443,5234.253303692797
"World","WITCH 5.0",1514,"ANNUAL",1,"Mt CO2/yr","ENGAGE-INDCi2030-2000","Emissions|CO2",36684.17587829813,,,,,37103.45576119963,35217.10673784596,32539.64249790913,28787.60202432049,26306.6835342562,25138.67244986836,22532.10894710147,21572.16609322508,20539.51951419804,19206.17292315417,17779.81989745627,15784.67455501625,13576.30203402572,11352.7385548214,9709.978263011895,8124.34520822933
"World","WITCH 5.0",1515,"ANNUAL",1,"Mt CO2/yr","ENGAGE-INDCi2030-2000-NDCp","Emissions|CO2",36696.91251560105,,,,,37732.34993540272,32303.63212088844,32187.2938227552,28743.14906114468,26347.4880281427,25257.71652615595,22749.72240098576,21789.45588672872,20884.94005794095,19485.57246023473,18066.4989310608,16146.53593544127,13927.70251718926,11494.53401138769,9919.293336945777,8399.483956363378
"World","WITCH 5.0",1516,"ANNUAL",1,"Mt CO2/yr","ENGAGE-INDCi2030-2000f","Emissions|CO2",36684.17587829813,,,,,37103.45576119963,35217.10673784596,32539.64249790913,28787.60202432049,26306.6835342562,25138.67244986836,22532.10894710147,21572.16609322508,20539.51951419804,19206.17292315417,17779.81989745627,15784.67455501625,13576.30203402572,11352.7385548214,9709.978263011895,8124.34520822933
"World","WITCH 5.0",1517,"ANNUAL",1,"Mt CO2/yr","ENGAGE-INDCi2030-2000f-NDCp","Emissions|CO2",36696.91251560105,,,,,37732.34993540272,32303.63212088844,32187.2938227552,28743.14906114468,26347.4880281427,25257.71652615595,22749.72240098576,21789.45588672872,20884.94005794095,19485.57246023473,18066.4989310608,16146.53593544127,13927.70251718926,11494.53401138769,9919.293336945777,8399.483956363378
"World","WITCH 5.0",1518,"ANNUAL",1,"Mt CO2/yr","ENGAGE-INDCi2030-2500","Emissions|CO2",36684.17587829813,,,,,37103.45576119963,35217.10673784596,35888.94660583054,32947.84934766799,30529.0388511382,29362.27745850693,28430.93521098516,28252.44230090353,28259.21266977771,28073.09655568325,27438.09786074822,26184.61280499945,24654.26404410429,20599.703964138,18898.06563581334,16980.55373011661
"World","WITCH 5.0",1519,"ANNUAL",1,"Mt CO2/yr","ENGAGE-INDCi2030-2500-NDCp","Emissions|CO2",36696.91251560105,,,,,37732.34993540272,32303.63212088844,35675.70668088704,32897.32202313144,30660.99903717892,29425.73609421853,28543.25562519937,28366.10932098819,28349.28783224739,28159.9703953631,27565.98910022293,26346.52757196246,24949.69374988573,21367.85389202637,19303.66784543952,17346.38361470679
"World","WITCH 5.0",1520,"ANNUAL",1,"Mt CO2/yr","ENGAGE-INDCi2030-2500f","Emissions|CO2",36684.17587829813,,,,,37103.45576119963,35217.10673784596,35888.94660583054,32947.84934766799,30529.0388511382,29362.27745850693,28430.93521098516,28252.44230090353,28259.21266977771,28073.09655568325,27438.09786074822,26184.61280499945,24654.26404410429,20599.703964138,18898.06563581334,16980.55373011661
"World","WITCH 5.0",1521,"ANNUAL",1,"Mt CO2/yr","ENGAGE-INDCi2030-2500f-NDCp","Emissions|CO2",36696.91251560105,,,,,37732.34993540272,32303.63212088844,35675.70668088704,32897.32202313144,30660.99903717892,29425.73609421853,28543.25562519937,28366.10932098819,28349.28783224739,28159.9703953631,27565.98910022293,26346.52757196246,24949.69374988573,21367.85389202637,19303.66784543952,17346.38361470679
"World","WITCH 5.0",1522,"ANNUAL",1,"Mt CO2/yr","ENGAGE-INDCi2030-3000","Emissions|CO2",36684.17587829813,,,,,37103.45576119963,35217.10673784596,39140.47318119801,37960.74974197623,36198.15463351138,34714.81502861757,34151.30416000038,34204.2593557174,34415.47016477085,34369.04951023147,34463.74532471591,34031.32184114854,33254.1188088733,32097.06402992518,31923.24978234524,31339.0237608294
"World","WITCH 5.0",1523,"ANNUAL",1,"Mt CO2/yr","ENGAGE-INDCi2030-3000-NDCp","Emissions|CO2",36696.91251560105,,,,,37732.34993540272,32303.63212088844,38973.4658631994,37939.35292068005,36391.70937177454,34944.68381752764,34298.25905625088,34355.18822019498,34582.98671756293,34551.60400087277,34674.67434270097,34275.50816260592,33450.4140491481,32317.01188853339,32233.24060312811,31672.5215980085
"World","WITCH 5.0",1524,"ANNUAL",1,"Mt CO2/yr","ENGAGE-INDCi2030-3000f","Emissions|CO2",36684.17587829813,,,,,37103.45576119963,35217.10673784596,39140.47318119801,37960.74974197623,36198.15463351138,34714.81502861757,34151.30416000038,34204.2593557174,34415.47016477085,34369.04951023147,34463.74532471591,34031.32184114854,33254.1188088733,32097.06402992518,31923.24978234524,31339.0237608294
"World","WITCH 5.0",1525,"ANNUAL",1,"Mt CO2/yr","ENGAGE-INDCi2030-3000f-NDCp","Emissions|CO2",36696.91251560105,,,,,37732.34993540272,32303.63212088844,38973.4658631994,37939.35292068005,36391.70937177454,34944.68381752764,34298.25905625088,34355.18822019498,34582.98671756293,34551.60400087277,34674.67434270097,34275.50816260592,33450.4140491481,32317.01188853339,32233.24060312811,31672.5215980085
"World","WITCH 5.0",1539,"ANNUAL",1,"Mt CO2/yr","ENGAGE-INDCi2100","Emissions|CO2",36684.17587829813,,,,,37103.45576119963,35217.10673784596,35560.80437139077,35461.08758815482,34568.07181452704,34326.56816605799,34279.91517594504,34451.35505849222,34792.27868527074,35123.67904254582,35660.09038897136,35714.13252869935,35477.6633055912,35243.06510460885,35196.38520586783,35306.34589904083
"World","WITCH 5.0",1540,"ANNUAL",1,"Mt CO2/yr","ENGAGE-INDCi2100-NDCp","Emissions|CO2",36696.91251560105,,,,,37732.34993540272,32303.63212088844,32792.60521930152,32962.79634348121,32617.30620045852,32338.20484237353,32199.86324426564,32114.78937941072,32191.77589643295,32339.57289202609,32776.59383125461,32835.11669654786,32576.27343881424,32454.24606853461,32372.32599716035,32528.12482230451
"World","WITCH 5.0",1555,"ANNUAL",1,"Mt CO2/yr","ENGAGE-NPi2020-3000","Emissions|CO2",37176.4067518926,,,,,39486.48190121652,39369.21303357352,38561.46026335338,37599.70215094217,35535.18344777683,34561.89279661616,34035.19366837437,33906.34957055052,33668.68928402085,33847.3020436822,34012.60296643111,33645.01065921941,32780.41974149814,31404.3822720419,30921.98782642795,29970.5897624135
"World","WITCH 5.0",1556,"ANNUAL",1,"Mt CO2/yr","ENGAGE-NPi2020-3000f","Emissions|CO2",37176.4067518926,,,,,39486.48190121652,39369.21303357352,38561.46026335338,37599.70215094217,35535.18344777683,34561.89279661616,34035.19366837437,33906.34957055052,33668.68928402085,33847.3020436822,34012.60296643111,33645.01065921941,32780.41974149814,31404.3822720419,30921.98782642795,29970.5897624135
"World","WITCH 5.0",1570,"ANNUAL",1,"Mt CO2/yr","ENGAGE-NPi2100","Emissions|CO2",37176.4067518926,,,,,39619.5018185677,41042.57917686702,41620.97055739232,41770.27199553813,41400.08428194049,41165.77360736774,40990.52962385782,41229.82897562719,41672.14821812484,42143.85593867391,42849.80545396891,43118.29342067885,43168.90487775165,43813.18535800517,43648.62077345483,43742.15966401047
"World","WITCH 5.0",1571,"ANNUAL",1,"Mt CO2/yr","ENGAGE-NoPolicy","Emissions|CO2",39827.19352324215,,,,,41716.7401065454,43131.56058808824,43526.31863255576,43496.89951541629,42997.50046558061,42621.10062204037,42376.86788906546,42643.32249152099,43068.2820779774,43681.31297983496,44687.12525596252,45240.39483903555,45568.13804670329,46104.31737611456,45989.94189932539,45949.86729232844
"World","IMAGE 3.3",1586,"ANNUAL",1,"Mt CO2/yr","ECEMF-DIAG-NPi","Emissions|CO2",39853.91667028975,,,,,43767.64290762471,44175.96419672433,47204.96029074969,50424.32943166736,51914.05957503196,51702.56738751273,51809.74219220997,51499.61523905678,51215.01172340591,51032.44824682681,51820.19434064843,51772.63509585243,51277.2698614324,49886.65072068098,48671.80957473721,47224.65072043899
"World","REMIND 2.1",1592,"ANNUAL",1,"Mt CO2/yr","ECEMF-DIAG-NPi","Emissions|CO2",39481.174795705,,,,,41166.602141635,42988.78076607,43068.46599077,42040.633844955,41981.5151184,42921.63389219,43960.70530098,44900.19792457,,45542.40086375,,44279.00141494,,40017.274559365,,35062.875926955